cellId,fdn,neighbourCellId,neighbourFdn,rank,distance_m,cosited,bearing_deg,azimuth_diff_deg
33,"SubNetwork=RootNetwork1,SubNetwork=SubNetwork1,MeContext=meContext01,ManagedElement=1,ENodeBFunction=655,EUtranCellFDD=eutranCellFdd033",31,"SubNetwork=RootNetwork1,SubNetwork=SubNetwork1,MeContext=meContext01,ManagedElement=1,ENodeBFunction=655,EUtranCellFDD=eutranCellFdd031",1,0.0,True,,
33,"SubNetwork=RootNetwork1,SubNetwork=SubNetwork1,MeContext=meContext01,ManagedElement=1,ENodeBFunction=655,EUtranCellFDD=eutranCellFdd033",96,"SubNetwork=RootNetwork1,SubNetwork=SubNetwork1,MeContext=meContext01,ManagedElement=1,ENodeBFunction=655,EUtranCellFDD=eutranCellFdd096",2,0.0,True,,
33,"SubNetwork=RootNetwork1,SubNetwork=SubNetwork1,MeContext=meContext01,ManagedElement=1,ENodeBFunction=655,EUtranCellFDD=eutranCellFdd033",226,"SubNetwork=RootNetwork1,SubNetwork=SubNetwork1,MeContext=meContext01,ManagedElement=1,ENodeBFunction=251,EUtranCellFDD=eutranCellFdd226",3,909.1,False,359.6,61.0
33,"SubNetwork=RootNetwork1,SubNetwork=SubNetwork1,MeContext=meContext01,ManagedElement=1,ENodeBFunction=655,EUtranCellFDD=eutranCellFdd033",460,"SubNetwork=RootNetwork1,SubNetwork=SubNetwork1,MeContext=meContext01,ManagedElement=1,ENodeBFunction=251,EUtranCellFDD=eutranCellFdd460",4,909.1,False,359.6,61.0
33,"SubNetwork=RootNetwork1,SubNetwork=SubNetwork1,MeContext=meContext01,ManagedElement=1,ENodeBFunction=655,EUtranCellFDD=eutranCellFdd033",604,"SubNetwork=RootNetwork1,SubNetwork=SubNetwork1,MeContext=meContext01,ManagedElement=1,ENodeBFunction=251,EUtranCellFDD=eutranCellFdd604",5,909.1,False,359.6,61.0
33,"SubNetwork=RootNetwork1,SubNetwork=SubNetwork1,MeContext=meContext01,ManagedElement=1,ENodeBFunction=655,EUtranCellFDD=eutranCellFdd033",224,"SubNetwork=RootNetwork1,SubNetwork=SubNetwork1,MeContext=meContext01,ManagedElement=1,ENodeBFunction=115,EUtranCellFDD=eutranCellFdd224",6,1130.64,False,82.1,143.5
33,"SubNetwork=RootNetwork1,SubNetwork=SubNetwork1,MeContext=meContext01,ManagedElement=1,ENodeBFunction=655,EUtranCellFDD=eutranCellFdd033",239,"SubNetwork=RootNetwork1,SubNetwork=SubNetwork1,MeContext=meContext01,ManagedElement=1,ENodeBFunction=115,EUtranCellFDD=eutranCellFdd239",7,1130.64,False,82.1,143.5
33,"SubNetwork=RootNetwork1,SubNetwork=SubNetwork1,MeContext=meContext01,ManagedElement=1,ENodeBFunction=655,EUtranCellFDD=eutranCellFdd033",518,"SubNetwork=RootNetwork1,SubNetwork=SubNetwork1,MeContext=meContext01,ManagedElement=1,ENodeBFunction=115,EUtranCellFDD=eutranCellFdd518",8,1130.64,False,82.1,143.5
31,"SubNetwork=RootNetwork1,SubNetwork=SubNetwork1,MeContext=meContext01,ManagedElement=1,ENodeBFunction=655,EUtranCellFDD=eutranCellFdd031",33,"SubNetwork=RootNetwork1,SubNetwork=SubNetwork1,MeContext=meContext01,ManagedElement=1,ENodeBFunction=655,EUtranCellFDD=eutranCellFdd033",1,0.0,True,,
31,"SubNetwork=RootNetwork1,SubNetwork=SubNetwork1,MeContext=meContext01,ManagedElement=1,ENodeBFunction=655,EUtranCellFDD=eutranCellFdd031",96,"SubNetwork=RootNetwork1,SubNetwork=SubNetwork1,MeContext=meContext01,ManagedElement=1,ENodeBFunction=655,EUtranCellFDD=eutranCellFdd096",2,0.0,True,,
31,"SubNetwork=RootNetwork1,SubNetwork=SubNetwork1,MeContext=meContext01,ManagedElement=1,ENodeBFunction=655,EUtranCellFDD=eutranCellFdd031",226,"SubNetwork=RootNetwork1,SubNetwork=SubNetwork1,MeContext=meContext01,ManagedElement=1,ENodeBFunction=251,EUtranCellFDD=eutranCellFdd226",3,909.1,False,359.6,59.0
31,"SubNetwork=RootNetwork1,SubNetwork=SubNetwork1,MeContext=meContext01,ManagedElement=1,ENodeBFunction=655,EUtranCellFDD=eutranCellFdd031",460,"SubNetwork=RootNetwork1,SubNetwork=SubNetwork1,MeContext=meContext01,ManagedElement=1,ENodeBFunction=251,EUtranCellFDD=eutranCellFdd460",4,909.1,False,359.6,59.0
31,"SubNetwork=RootNetwork1,SubNetwork=SubNetwork1,MeContext=meContext01,ManagedElement=1,ENodeBFunction=655,EUtranCellFDD=eutranCellFdd031",604,"SubNetwork=RootNetwork1,SubNetwork=SubNetwork1,MeContext=meContext01,ManagedElement=1,ENodeBFunction=251,EUtranCellFDD=eutranCellFdd604",5,909.1,False,359.6,59.0
31,"SubNetwork=RootNetwork1,SubNetwork=SubNetwork1,MeContext=meContext01,ManagedElement=1,ENodeBFunction=655,EUtranCellFDD=eutranCellFdd031",224,"SubNetwork=RootNetwork1,SubNetwork=SubNetwork1,MeContext=meContext01,ManagedElement=1,ENodeBFunction=115,EUtranCellFDD=eutranCellFdd224",6,1130.64,False,82.1,23.5
31,"SubNetwork=RootNetwork1,SubNetwork=SubNetwork1,MeContext=meContext01,ManagedElement=1,ENodeBFunction=655,EUtranCellFDD=eutranCellFdd031",239,"SubNetwork=RootNetwork1,SubNetwork=SubNetwork1,MeContext=meContext01,ManagedElement=1,ENodeBFunction=115,EUtranCellFDD=eutranCellFdd239",7,1130.64,False,82.1,23.5
31,"SubNetwork=RootNetwork1,SubNetwork=SubNetwork1,MeContext=meContext01,ManagedElement=1,ENodeBFunction=655,EUtranCellFDD=eutranCellFdd031",518,"SubNetwork=RootNetwork1,SubNetwork=SubNetwork1,MeContext=meContext01,ManagedElement=1,ENodeBFunction=115,EUtranCellFDD=eutranCellFdd518",8,1130.64,False,82.1,23.5
96,"SubNetwork=RootNetwork1,SubNetwork=SubNetwork1,MeContext=meContext01,ManagedElement=1,ENodeBFunction=655,EUtranCellFDD=eutranCellFdd096",33,"SubNetwork=RootNetwork1,SubNetwork=SubNetwork1,MeContext=meContext01,ManagedElement=1,ENodeBFunction=655,EUtranCellFDD=eutranCellFdd033",1,0.0,True,,
96,"SubNetwork=RootNetwork1,SubNetwork=SubNetwork1,MeContext=meContext01,ManagedElement=1,ENodeBFunction=655,EUtranCellFDD=eutranCellFdd096",31,"SubNetwork=RootNetwork1,SubNetwork=SubNetwork1,MeContext=meContext01,ManagedElement=1,ENodeBFunction=655,EUtranCellFDD=eutranCellFdd031",2,0.0,True,,
96,"SubNetwork=RootNetwork1,SubNetwork=SubNetwork1,MeContext=meContext01,ManagedElement=1,ENodeBFunction=655,EUtranCellFDD=eutranCellFdd096",226,"SubNetwork=RootNetwork1,SubNetwork=SubNetwork1,MeContext=meContext01,ManagedElement=1,ENodeBFunction=251,EUtranCellFDD=eutranCellFdd226",3,909.1,False,359.6,179.0
96,"SubNetwork=RootNetwork1,SubNetwork=SubNetwork1,MeContext=meContext01,ManagedElement=1,ENodeBFunction=655,EUtranCellFDD=eutranCellFdd096",460,"SubNetwork=RootNetwork1,SubNetwork=SubNetwork1,MeContext=meContext01,ManagedElement=1,ENodeBFunction=251,EUtranCellFDD=eutranCellFdd460",4,909.1,False,359.6,179.0
96,"SubNetwork=RootNetwork1,SubNetwork=SubNetwork1,MeContext=meContext01,ManagedElement=1,ENodeBFunction=655,EUtranCellFDD=eutranCellFdd096",604,"SubNetwork=RootNetwork1,SubNetwork=SubNetwork1,MeContext=meContext01,ManagedElement=1,ENodeBFunction=251,EUtranCellFDD=eutranCellFdd604",5,909.1,False,359.6,179.0
96,"SubNetwork=RootNetwork1,SubNetwork=SubNetwork1,MeContext=meContext01,ManagedElement=1,ENodeBFunction=655,EUtranCellFDD=eutranCellFdd096",224,"SubNetwork=RootNetwork1,SubNetwork=SubNetwork1,MeContext=meContext01,ManagedElement=1,ENodeBFunction=115,EUtranCellFDD=eutranCellFdd224",6,1130.64,False,82.1,96.5
96,"SubNetwork=RootNetwork1,SubNetwork=SubNetwork1,MeContext=meContext01,ManagedElement=1,ENodeBFunction=655,EUtranCellFDD=eutranCellFdd096",239,"SubNetwork=RootNetwork1,SubNetwork=SubNetwork1,MeContext=meContext01,ManagedElement=1,ENodeBFunction=115,EUtranCellFDD=eutranCellFdd239",7,1130.64,False,82.1,96.5
96,"SubNetwork=RootNetwork1,SubNetwork=SubNetwork1,MeContext=meContext01,ManagedElement=1,ENodeBFunction=655,EUtranCellFDD=eutranCellFdd096",518,"SubNetwork=RootNetwork1,SubNetwork=SubNetwork1,MeContext=meContext01,ManagedElement=1,ENodeBFunction=115,EUtranCellFDD=eutranCellFdd518",8,1130.64,False,82.1,96.5
224,"SubNetwork=RootNetwork1,SubNetwork=SubNetwork1,MeContext=meContext01,ManagedElement=1,ENodeBFunction=115,EUtranCellFDD=eutranCellFdd224",239,"SubNetwork=RootNetwork1,SubNetwork=SubNetwork1,MeContext=meContext01,ManagedElement=1,ENodeBFunction=115,EUtranCellFDD=eutranCellFdd239",1,0.0,True,,
224,"SubNetwork=RootNetwork1,SubNetwork=SubNetwork1,MeContext=meContext01,ManagedElement=1,ENodeBFunction=115,EUtranCellFDD=eutranCellFdd224",518,"SubNetwork=RootNetwork1,SubNetwork=SubNetwork1,MeContext=meContext01,ManagedElement=1,ENodeBFunction=115,EUtranCellFDD=eutranCellFdd518",2,0.0,True,,
224,"SubNetwork=RootNetwork1,SubNetwork=SubNetwork1,MeContext=meContext01,ManagedElement=1,ENodeBFunction=115,EUtranCellFDD=eutranCellFdd224",285,"SubNetwork=RootNetwork1,SubNetwork=SubNetwork1,MeContext=meContext01,ManagedElement=1,ENodeBFunction=229,EUtranCellFDD=eutranCellFdd285",3,1052.26,False,350.4,142.6
224,"SubNetwork=RootNetwork1,SubNetwork=SubNetwork1,MeContext=meContext01,ManagedElement=1,ENodeBFunction=115,EUtranCellFDD=eutranCellFdd224",829,"SubNetwork=RootNetwork1,SubNetwork=SubNetwork1,MeContext=meContext01,ManagedElement=1,ENodeBFunction=229,EUtranCellFDD=eutranCellFdd829",4,1052.26,False,350.4,142.6
224,"SubNetwork=RootNetwork1,SubNetwork=SubNetwork1,MeContext=meContext01,ManagedElement=1,ENodeBFunction=115,EUtranCellFDD=eutranCellFdd224",891,"SubNetwork=RootNetwork1,SubNetwork=SubNetwork1,MeContext=meContext01,ManagedElement=1,ENodeBFunction=229,EUtranCellFDD=eutranCellFdd891",5,1052.26,False,350.4,142.6
224,"SubNetwork=RootNetwork1,SubNetwork=SubNetwork1,MeContext=meContext01,ManagedElement=1,ENodeBFunction=115,EUtranCellFDD=eutranCellFdd224",617,"SubNetwork=RootNetwork1,SubNetwork=SubNetwork1,MeContext=meContext01,ManagedElement=1,ENodeBFunction=26,EUtranCellFDD=eutranCellFdd617",6,1119.97,False,111.4,96.4
224,"SubNetwork=RootNetwork1,SubNetwork=SubNetwork1,MeContext=meContext01,ManagedElement=1,ENodeBFunction=115,EUtranCellFDD=eutranCellFdd224",28,"SubNetwork=RootNetwork1,SubNetwork=SubNetwork1,MeContext=meContext01,ManagedElement=1,ENodeBFunction=26,EUtranCellFDD=eutranCellFdd028",7,1119.97,False,111.4,96.4
224,"SubNetwork=RootNetwork1,SubNetwork=SubNetwork1,MeContext=meContext01,ManagedElement=1,ENodeBFunction=115,EUtranCellFDD=eutranCellFdd224",575,"SubNetwork=RootNetwork1,SubNetwork=SubNetwork1,MeContext=meContext01,ManagedElement=1,ENodeBFunction=26,EUtranCellFDD=eutranCellFdd575",8,1119.97,False,111.4,96.4
239,"SubNetwork=RootNetwork1,SubNetwork=SubNetwork1,MeContext=meContext01,ManagedElement=1,ENodeBFunction=115,EUtranCellFDD=eutranCellFdd239",224,"SubNetwork=RootNetwork1,SubNetwork=SubNetwork1,MeContext=meContext01,ManagedElement=1,ENodeBFunction=115,EUtranCellFDD=eutranCellFdd224",1,0.0,True,,
239,"SubNetwork=RootNetwork1,SubNetwork=SubNetwork1,MeContext=meContext01,ManagedElement=1,ENodeBFunction=115,EUtranCellFDD=eutranCellFdd239",518,"SubNetwork=RootNetwork1,SubNetwork=SubNetwork1,MeContext=meContext01,ManagedElement=1,ENodeBFunction=115,EUtranCellFDD=eutranCellFdd518",2,0.0,True,,
239,"SubNetwork=RootNetwork1,SubNetwork=SubNetwork1,MeContext=meContext01,ManagedElement=1,ENodeBFunction=115,EUtranCellFDD=eutranCellFdd239",285,"SubNetwork=RootNetwork1,SubNetwork=SubNetwork1,MeContext=meContext01,ManagedElement=1,ENodeBFunction=229,EUtranCellFDD=eutranCellFdd285",3,1052.26,False,350.4,22.6
239,"SubNetwork=RootNetwork1,SubNetwork=SubNetwork1,MeContext=meContext01,ManagedElement=1,ENodeBFunction=115,EUtranCellFDD=eutranCellFdd239",829,"SubNetwork=RootNetwork1,SubNetwork=SubNetwork1,MeContext=meContext01,ManagedElement=1,ENodeBFunction=229,EUtranCellFDD=eutranCellFdd829",4,1052.26,False,350.4,22.6
239,"SubNetwork=RootNetwork1,SubNetwork=SubNetwork1,MeContext=meContext01,ManagedElement=1,ENodeBFunction=115,EUtranCellFDD=eutranCellFdd239",891,"SubNetwork=RootNetwork1,SubNetwork=SubNetwork1,MeContext=meContext01,ManagedElement=1,ENodeBFunction=229,EUtranCellFDD=eutranCellFdd891",5,1052.26,False,350.4,22.6
239,"SubNetwork=RootNetwork1,SubNetwork=SubNetwork1,MeContext=meContext01,ManagedElement=1,ENodeBFunction=115,EUtranCellFDD=eutranCellFdd239",617,"SubNetwork=RootNetwork1,SubNetwork=SubNetwork1,MeContext=meContext01,ManagedElement=1,ENodeBFunction=26,EUtranCellFDD=eutranCellFdd617",6,1119.97,False,111.4,143.6
239,"SubNetwork=RootNetwork1,SubNetwork=SubNetwork1,MeContext=meContext01,ManagedElement=1,ENodeBFunction=115,EUtranCellFDD=eutranCellFdd239",28,"SubNetwork=RootNetwork1,SubNetwork=SubNetwork1,MeContext=meContext01,ManagedElement=1,ENodeBFunction=26,EUtranCellFDD=eutranCellFdd028",7,1119.97,False,111.4,143.6
239,"SubNetwork=RootNetwork1,SubNetwork=SubNetwork1,MeContext=meContext01,ManagedElement=1,ENodeBFunction=115,EUtranCellFDD=eutranCellFdd239",575,"SubNetwork=RootNetwork1,SubNetwork=SubNetwork1,MeContext=meContext01,ManagedElement=1,ENodeBFunction=26,EUtranCellFDD=eutranCellFdd575",8,1119.97,False,111.4,143.6
518,"SubNetwork=RootNetwork1,SubNetwork=SubNetwork1,MeContext=meContext01,ManagedElement=1,ENodeBFunction=115,EUtranCellFDD=eutranCellFdd518",224,"SubNetwork=RootNetwork1,SubNetwork=SubNetwork1,MeContext=meContext01,ManagedElement=1,ENodeBFunction=115,EUtranCellFDD=eutranCellFdd224",1,0.0,True,,
518,"SubNetwork=RootNetwork1,SubNetwork=SubNetwork1,MeContext=meContext01,ManagedElement=1,ENodeBFunction=115,EUtranCellFDD=eutranCellFdd518",239,"SubNetwork=RootNetwork1,SubNetwork=SubNetwork1,MeContext=meContext01,ManagedElement=1,ENodeBFunction=115,EUtranCellFDD=eutranCellFdd239",2,0.0,True,,
518,"SubNetwork=RootNetwork1,SubNetwork=SubNetwork1,MeContext=meContext01,ManagedElement=1,ENodeBFunction=115,EUtranCellFDD=eutranCellFdd518",285,"SubNetwork=RootNetwork1,SubNetwork=SubNetwork1,MeContext=meContext01,ManagedElement=1,ENodeBFunction=229,EUtranCellFDD=eutranCellFdd285",3,1052.26,False,350.4,97.4
518,"SubNetwork=RootNetwork1,SubNetwork=SubNetwork1,MeContext=meContext01,ManagedElement=1,ENodeBFunction=115,EUtranCellFDD=eutranCellFdd518",829,"SubNetwork=RootNetwork1,SubNetwork=SubNetwork1,MeContext=meContext01,ManagedElement=1,ENodeBFunction=229,EUtranCellFDD=eutranCellFdd829",4,1052.26,False,350.4,97.4
518,"SubNetwork=RootNetwork1,SubNetwork=SubNetwork1,MeContext=meContext01,ManagedElement=1,ENodeBFunction=115,EUtranCellFDD=eutranCellFdd518",891,"SubNetwork=RootNetwork1,SubNetwork=SubNetwork1,MeContext=meContext01,ManagedElement=1,ENodeBFunction=229,EUtranCellFDD=eutranCellFdd891",5,1052.26,False,350.4,97.4
518,"SubNetwork=RootNetwork1,SubNetwork=SubNetwork1,MeContext=meContext01,ManagedElement=1,ENodeBFunction=115,EUtranCellFDD=eutranCellFdd518",617,"SubNetwork=RootNetwork1,SubNetwork=SubNetwork1,MeContext=meContext01,ManagedElement=1,ENodeBFunction=26,EUtranCellFDD=eutranCellFdd617",6,1119.97,False,111.4,23.6
518,"SubNetwork=RootNetwork1,SubNetwork=SubNetwork1,MeContext=meContext01,ManagedElement=1,ENodeBFunction=115,EUtranCellFDD=eutranCellFdd518",28,"SubNetwork=RootNetwork1,SubNetwork=SubNetwork1,MeContext=meContext01,ManagedElement=1,ENodeBFunction=26,EUtranCellFDD=eutranCellFdd028",7,1119.97,False,111.4,23.6
518,"SubNetwork=RootNetwork1,SubNetwork=SubNetwork1,MeContext=meContext01,ManagedElement=1,ENodeBFunction=115,EUtranCellFDD=eutranCellFdd518",575,"SubNetwork=RootNetwork1,SubNetwork=SubNetwork1,MeContext=meContext01,ManagedElement=1,ENodeBFunction=26,EUtranCellFDD=eutranCellFdd575",8,1119.97,False,111.4,23.6
617,"SubNetwork=RootNetwork1,SubNetwork=SubNetwork1,MeContext=meContext01,ManagedElement=1,ENodeBFunction=26,EUtranCellFDD=eutranCellFdd617",28,"SubNetwork=RootNetwork1,SubNetwork=SubNetwork1,MeContext=meContext01,ManagedElement=1,ENodeBFunction=26,EUtranCellFDD=eutranCellFdd028",1,0.0,True,,
617,"SubNetwork=RootNetwork1,SubNetwork=SubNetwork1,MeContext=meContext01,ManagedElement=1,ENodeBFunction=26,EUtranCellFDD=eutranCellFdd617",575,"SubNetwork=RootNetwork1,SubNetwork=SubNetwork1,MeContext=meContext01,ManagedElement=1,ENodeBFunction=26,EUtranCellFDD=eutranCellFdd575",2,0.0,True,,
617,"SubNetwork=RootNetwork1,SubNetwork=SubNetwork1,MeContext=meContext01,ManagedElement=1,ENodeBFunction=26,EUtranCellFDD=eutranCellFdd617",204,"SubNetwork=RootNetwork1,SubNetwork=SubNetwork1,MeContext=meContext01,ManagedElement=1,ENodeBFunction=760,EUtranCellFDD=eutranCellFdd204",3,792.58,False,88.8,6.8
617,"SubNetwork=RootNetwork1,SubNetwork=SubNetwork1,MeContext=meContext01,ManagedElement=1,ENodeBFunction=26,EUtranCellFDD=eutranCellFdd617",734,"SubNetwork=RootNetwork1,SubNetwork=SubNetwork1,MeContext=meContext01,ManagedElement=1,ENodeBFunction=760,EUtranCellFDD=eutranCellFdd734",4,792.58,False,88.8,6.8
617,"SubNetwork=RootNetwork1,SubNetwork=SubNetwork1,MeContext=meContext01,ManagedElement=1,ENodeBFunction=26,EUtranCellFDD=eutranCellFdd617",666,"SubNetwork=RootNetwork1,SubNetwork=SubNetwork1,MeContext=meContext01,ManagedElement=1,ENodeBFunction=760,EUtranCellFDD=eutranCellFdd666",5,792.58,False,88.8,6.8
617,"SubNetwork=RootNetwork1,SubNetwork=SubNetwork1,MeContext=meContext01,ManagedElement=1,ENodeBFunction=26,EUtranCellFDD=eutranCellFdd617",7,"SubNetwork=RootNetwork1,SubNetwork=SubNetwork1,MeContext=meContext01,ManagedElement=1,ENodeBFunction=143,EUtranCellFDD=eutranCellFdd007",6,1063.73,False,357.4,84.6
617,"SubNetwork=RootNetwork1,SubNetwork=SubNetwork1,MeContext=meContext01,ManagedElement=1,ENodeBFunction=26,EUtranCellFDD=eutranCellFdd617",778,"SubNetwork=RootNetwork1,SubNetwork=SubNetwork1,MeContext=meContext01,ManagedElement=1,ENodeBFunction=143,EUtranCellFDD=eutranCellFdd778",7,1063.73,False,357.4,84.6
617,"SubNetwork=RootNetwork1,SubNetwork=SubNetwork1,MeContext=meContext01,ManagedElement=1,ENodeBFunction=26,EUtranCellFDD=eutranCellFdd617",826,"SubNetwork=RootNetwork1,SubNetwork=SubNetwork1,MeContext=meContext01,ManagedElement=1,ENodeBFunction=143,EUtranCellFDD=eutranCellFdd826",8,1063.73,False,357.4,84.6
28,"SubNetwork=RootNetwork1,SubNetwork=SubNetwork1,MeContext=meContext01,ManagedElement=1,ENodeBFunction=26,EUtranCellFDD=eutranCellFdd028",617,"SubNetwork=RootNetwork1,SubNetwork=SubNetwork1,MeContext=meContext01,ManagedElement=1,ENodeBFunction=26,EUtranCellFDD=eutranCellFdd617",1,0.0,True,,
28,"SubNetwork=RootNetwork1,SubNetwork=SubNetwork1,MeContext=meContext01,ManagedElement=1,ENodeBFunction=26,EUtranCellFDD=eutranCellFdd028",575,"SubNetwork=RootNetwork1,SubNetwork=SubNetwork1,MeContext=meContext01,ManagedElement=1,ENodeBFunction=26,EUtranCellFDD=eutranCellFdd575",2,0.0,True,,
28,"SubNetwork=RootNetwork1,SubNetwork=SubNetwork1,MeContext=meContext01,ManagedElement=1,ENodeBFunction=26,EUtranCellFDD=eutranCellFdd028",204,"SubNetwork=RootNetwork1,SubNetwork=SubNetwork1,MeContext=meContext01,ManagedElement=1,ENodeBFunction=760,EUtranCellFDD=eutranCellFdd204",3,792.58,False,88.8,113.2
28,"SubNetwork=RootNetwork1,SubNetwork=SubNetwork1,MeContext=meContext01,ManagedElement=1,ENodeBFunction=26,EUtranCellFDD=eutranCellFdd028",734,"SubNetwork=RootNetwork1,SubNetwork=SubNetwork1,MeContext=meContext01,ManagedElement=1,ENodeBFunction=760,EUtranCellFDD=eutranCellFdd734",4,792.58,False,88.8,113.2
28,"SubNetwork=RootNetwork1,SubNetwork=SubNetwork1,MeContext=meContext01,ManagedElement=1,ENodeBFunction=26,EUtranCellFDD=eutranCellFdd028",666,"SubNetwork=RootNetwork1,SubNetwork=SubNetwork1,MeContext=meContext01,ManagedElement=1,ENodeBFunction=760,EUtranCellFDD=eutranCellFdd666",5,792.58,False,88.8,113.2
28,"SubNetwork=RootNetwork1,SubNetwork=SubNetwork1,MeContext=meContext01,ManagedElement=1,ENodeBFunction=26,EUtranCellFDD=eutranCellFdd028",7,"SubNetwork=RootNetwork1,SubNetwork=SubNetwork1,MeContext=meContext01,ManagedElement=1,ENodeBFunction=143,EUtranCellFDD=eutranCellFdd007",6,1063.73,False,357.4,155.4
28,"SubNetwork=RootNetwork1,SubNetwork=SubNetwork1,MeContext=meContext01,ManagedElement=1,ENodeBFunction=26,EUtranCellFDD=eutranCellFdd028",778,"SubNetwork=RootNetwork1,SubNetwork=SubNetwork1,MeContext=meContext01,ManagedElement=1,ENodeBFunction=143,EUtranCellFDD=eutranCellFdd778",7,1063.73,False,357.4,155.4
28,"SubNetwork=RootNetwork1,SubNetwork=SubNetwork1,MeContext=meContext01,ManagedElement=1,ENodeBFunction=26,EUtranCellFDD=eutranCellFdd028",826,"SubNetwork=RootNetwork1,SubNetwork=SubNetwork1,MeContext=meContext01,ManagedElement=1,ENodeBFunction=143,EUtranCellFDD=eutranCellFdd826",8,1063.73,False,357.4,155.4
575,"SubNetwork=RootNetwork1,SubNetwork=SubNetwork1,MeContext=meContext01,ManagedElement=1,ENodeBFunction=26,EUtranCellFDD=eutranCellFdd575",617,"SubNetwork=RootNetwork1,SubNetwork=SubNetwork1,MeContext=meContext01,ManagedElement=1,ENodeBFunction=26,EUtranCellFDD=eutranCellFdd617",1,0.0,True,,
575,"SubNetwork=RootNetwork1,SubNetwork=SubNetwork1,MeContext=meContext01,ManagedElement=1,ENodeBFunction=26,EUtranCellFDD=eutranCellFdd575",28,"SubNetwork=RootNetwork1,SubNetwork=SubNetwork1,MeContext=meContext01,ManagedElement=1,ENodeBFunction=26,EUtranCellFDD=eutranCellFdd028",2,0.0,True,,
575,"SubNetwork=RootNetwork1,SubNetwork=SubNetwork1,MeContext=meContext01,ManagedElement=1,ENodeBFunction=26,EUtranCellFDD=eutranCellFdd575",204,"SubNetwork=RootNetwork1,SubNetwork=SubNetwork1,MeContext=meContext01,ManagedElement=1,ENodeBFunction=760,EUtranCellFDD=eutranCellFdd204",3,792.58,False,88.8,126.8
575,"SubNetwork=RootNetwork1,SubNetwork=SubNetwork1,MeContext=meContext01,ManagedElement=1,ENodeBFunction=26,EUtranCellFDD=eutranCellFdd575",734,"SubNetwork=RootNetwork1,SubNetwork=SubNetwork1,MeContext=meContext01,ManagedElement=1,ENodeBFunction=760,EUtranCellFDD=eutranCellFdd734",4,792.58,False,88.8,126.8
575,"SubNetwork=RootNetwork1,SubNetwork=SubNetwork1,MeContext=meContext01,ManagedElement=1,ENodeBFunction=26,EUtranCellFDD=eutranCellFdd575",666,"SubNetwork=RootNetwork1,SubNetwork=SubNetwork1,MeContext=meContext01,ManagedElement=1,ENodeBFunction=760,EUtranCellFDD=eutranCellFdd666",5,792.58,False,88.8,126.8
575,"SubNetwork=RootNetwork1,SubNetwork=SubNetwork1,MeContext=meContext01,ManagedElement=1,ENodeBFunction=26,EUtranCellFDD=eutranCellFdd575",7,"SubNetwork=RootNetwork1,SubNetwork=SubNetwork1,MeContext=meContext01,ManagedElement=1,ENodeBFunction=143,EUtranCellFDD=eutranCellFdd007",6,1063.73,False,357.4,35.4
575,"SubNetwork=RootNetwork1,SubNetwork=SubNetwork1,MeContext=meContext01,ManagedElement=1,ENodeBFunction=26,EUtranCellFDD=eutranCellFdd575",778,"SubNetwork=RootNetwork1,SubNetwork=SubNetwork1,MeContext=meContext01,ManagedElement=1,ENodeBFunction=143,EUtranCellFDD=eutranCellFdd778",7,1063.73,False,357.4,35.4
575,"SubNetwork=RootNetwork1,SubNetwork=SubNetwork1,MeContext=meContext01,ManagedElement=1,ENodeBFunction=26,EUtranCellFDD=eutranCellFdd575",826,"SubNetwork=RootNetwork1,SubNetwork=SubNetwork1,MeContext=meContext01,ManagedElement=1,ENodeBFunction=143,EUtranCellFDD=eutranCellFdd826",8,1063.73,False,357.4,35.4
204,"SubNetwork=RootNetwork1,SubNetwork=SubNetwork1,MeContext=meContext01,ManagedElement=1,ENodeBFunction=760,EUtranCellFDD=eutranCellFdd204",734,"SubNetwork=RootNetwork1,SubNetwork=SubNetwork1,MeContext=meContext01,ManagedElement=1,ENodeBFunction=760,EUtranCellFDD=eutranCellFdd734",1,0.0,True,,
204,"SubNetwork=RootNetwork1,SubNetwork=SubNetwork1,MeContext=meContext01,ManagedElement=1,ENodeBFunction=760,EUtranCellFDD=eutranCellFdd204",666,"SubNetwork=RootNetwork1,SubNetwork=SubNetwork1,MeContext=meContext01,ManagedElement=1,ENodeBFunction=760,EUtranCellFDD=eutranCellFdd666",2,0.0,True,,
204,"SubNetwork=RootNetwork1,SubNetwork=SubNetwork1,MeContext=meContext01,ManagedElement=1,ENodeBFunction=760,EUtranCellFDD=eutranCellFdd204",617,"SubNetwork=RootNetwork1,SubNetwork=SubNetwork1,MeContext=meContext01,ManagedElement=1,ENodeBFunction=26,EUtranCellFDD=eutranCellFdd617",3,792.58,False,268.8,175.0
204,"SubNetwork=RootNetwork1,SubNetwork=SubNetwork1,MeContext=meContext01,ManagedElement=1,ENodeBFunction=760,EUtranCellFDD=eutranCellFdd204",28,"SubNetwork=RootNetwork1,SubNetwork=SubNetwork1,MeContext=meContext01,ManagedElement=1,ENodeBFunction=26,EUtranCellFDD=eutranCellFdd028",4,792.58,False,268.8,175.0
204,"SubNetwork=RootNetwork1,SubNetwork=SubNetwork1,MeContext=meContext01,ManagedElement=1,ENodeBFunction=760,EUtranCellFDD=eutranCellFdd204",575,"SubNetwork=RootNetwork1,SubNetwork=SubNetwork1,MeContext=meContext01,ManagedElement=1,ENodeBFunction=26,EUtranCellFDD=eutranCellFdd575",5,792.58,False,268.8,175.0
204,"SubNetwork=RootNetwork1,SubNetwork=SubNetwork1,MeContext=meContext01,ManagedElement=1,ENodeBFunction=760,EUtranCellFDD=eutranCellFdd204",719,"SubNetwork=RootNetwork1,SubNetwork=SubNetwork1,MeContext=meContext01,ManagedElement=1,ENodeBFunction=282,EUtranCellFDD=eutranCellFdd719",6,911.21,False,83.8,0.0
204,"SubNetwork=RootNetwork1,SubNetwork=SubNetwork1,MeContext=meContext01,ManagedElement=1,ENodeBFunction=760,EUtranCellFDD=eutranCellFdd204",559,"SubNetwork=RootNetwork1,SubNetwork=SubNetwork1,MeContext=meContext01,ManagedElement=1,ENodeBFunction=282,EUtranCellFDD=eutranCellFdd559",7,911.21,False,83.8,0.0
204,"SubNetwork=RootNetwork1,SubNetwork=SubNetwork1,MeContext=meContext01,ManagedElement=1,ENodeBFunction=760,EUtranCellFDD=eutranCellFdd204",430,"SubNetwork=RootNetwork1,SubNetwork=SubNetwork1,MeContext=meContext01,ManagedElement=1,ENodeBFunction=282,EUtranCellFDD=eutranCellFdd430",8,911.21,False,83.8,0.0
734,"SubNetwork=RootNetwork1,SubNetwork=SubNetwork1,MeContext=meContext01,ManagedElement=1,ENodeBFunction=760,EUtranCellFDD=eutranCellFdd734",204,"SubNetwork=RootNetwork1,SubNetwork=SubNetwork1,MeContext=meContext01,ManagedElement=1,ENodeBFunction=760,EUtranCellFDD=eutranCellFdd204",1,0.0,True,,
734,"SubNetwork=RootNetwork1,SubNetwork=SubNetwork1,MeContext=meContext01,ManagedElement=1,ENodeBFunction=760,EUtranCellFDD=eutranCellFdd734",666,"SubNetwork=RootNetwork1,SubNetwork=SubNetwork1,MeContext=meContext01,ManagedElement=1,ENodeBFunction=760,EUtranCellFDD=eutranCellFdd666",2,0.0,True,,
734,"SubNetwork=RootNetwork1,SubNetwork=SubNetwork1,MeContext=meContext01,ManagedElement=1,ENodeBFunction=760,EUtranCellFDD=eutranCellFdd734",617,"SubNetwork=RootNetwork1,SubNetwork=SubNetwork1,MeContext=meContext01,ManagedElement=1,ENodeBFunction=26,EUtranCellFDD=eutranCellFdd617",3,792.58,False,268.8,65.0
734,"SubNetwork=RootNetwork1,SubNetwork=SubNetwork1,MeContext=meContext01,ManagedElement=1,ENodeBFunction=760,EUtranCellFDD=eutranCellFdd734",28,"SubNetwork=RootNetwork1,SubNetwork=SubNetwork1,MeContext=meContext01,ManagedElement=1,ENodeBFunction=26,EUtranCellFDD=eutranCellFdd028",4,792.58,False,268.8,65.0
734,"SubNetwork=RootNetwork1,SubNetwork=SubNetwork1,MeContext=meContext01,ManagedElement=1,ENodeBFunction=760,EUtranCellFDD=eutranCellFdd734",575,"SubNetwork=RootNetwork1,SubNetwork=SubNetwork1,MeContext=meContext01,ManagedElement=1,ENodeBFunction=26,EUtranCellFDD=eutranCellFdd575",5,792.58,False,268.8,65.0
734,"SubNetwork=RootNetwork1,SubNetwork=SubNetwork1,MeContext=meContext01,ManagedElement=1,ENodeBFunction=760,EUtranCellFDD=eutranCellFdd734",719,"SubNetwork=RootNetwork1,SubNetwork=SubNetwork1,MeContext=meContext01,ManagedElement=1,ENodeBFunction=282,EUtranCellFDD=eutranCellFdd719",6,911.21,False,83.8,120.0
734,"SubNetwork=RootNetwork1,SubNetwork=SubNetwork1,MeContext=meContext01,ManagedElement=1,ENodeBFunction=760,EUtranCellFDD=eutranCellFdd734",559,"SubNetwork=RootNetwork1,SubNetwork=SubNetwork1,MeContext=meContext01,ManagedElement=1,ENodeBFunction=282,EUtranCellFDD=eutranCellFdd559",7,911.21,False,83.8,120.0
734,"SubNetwork=RootNetwork1,SubNetwork=SubNetwork1,MeContext=meContext01,ManagedElement=1,ENodeBFunction=760,EUtranCellFDD=eutranCellFdd734",430,"SubNetwork=RootNetwork1,SubNetwork=SubNetwork1,MeContext=meContext01,ManagedElement=1,ENodeBFunction=282,EUtranCellFDD=eutranCellFdd430",8,911.21,False,83.8,120.0
666,"SubNetwork=RootNetwork1,SubNetwork=SubNetwork1,MeContext=meContext01,ManagedElement=1,ENodeBFunction=760,EUtranCellFDD=eutranCellFdd666",204,"SubNetwork=RootNetwork1,SubNetwork=SubNetwork1,MeContext=meContext01,ManagedElement=1,ENodeBFunction=760,EUtranCellFDD=eutranCellFdd204",1,0.0,True,,
666,"SubNetwork=RootNetwork1,SubNetwork=SubNetwork1,MeContext=meContext01,ManagedElement=1,ENodeBFunction=760,EUtranCellFDD=eutranCellFdd666",734,"SubNetwork=RootNetwork1,SubNetwork=SubNetwork1,MeContext=meContext01,ManagedElement=1,ENodeBFunction=760,EUtranCellFDD=eutranCellFdd734",2,0.0,True,,
666,"SubNetwork=RootNetwork1,SubNetwork=SubNetwork1,MeContext=meContext01,ManagedElement=1,ENodeBFunction=760,EUtranCellFDD=eutranCellFdd666",617,"SubNetwork=RootNetwork1,SubNetwork=SubNetwork1,MeContext=meContext01,ManagedElement=1,ENodeBFunction=26,EUtranCellFDD=eutranCellFdd617",3,792.58,False,268.8,55.0
666,"SubNetwork=RootNetwork1,SubNetwork=SubNetwork1,MeContext=meContext01,ManagedElement=1,ENodeBFunction=760,EUtranCellFDD=eutranCellFdd666",28,"SubNetwork=RootNetwork1,SubNetwork=SubNetwork1,MeContext=meContext01,ManagedElement=1,ENodeBFunction=26,EUtranCellFDD=eutranCellFdd028",4,792.58,False,268.8,55.0
666,"SubNetwork=RootNetwork1,SubNetwork=SubNetwork1,MeContext=meContext01,ManagedElement=1,ENodeBFunction=760,EUtranCellFDD=eutranCellFdd666",575,"SubNetwork=RootNetwork1,SubNetwork=SubNetwork1,MeContext=meContext01,ManagedElement=1,ENodeBFunction=26,EUtranCellFDD=eutranCellFdd575",5,792.58,False,268.8,55.0
666,"SubNetwork=RootNetwork1,SubNetwork=SubNetwork1,MeContext=meContext01,ManagedElement=1,ENodeBFunction=760,EUtranCellFDD=eutranCellFdd666",719,"SubNetwork=RootNetwork1,SubNetwork=SubNetwork1,MeContext=meContext01,ManagedElement=1,ENodeBFunction=282,EUtranCellFDD=eutranCellFdd719",6,911.21,False,83.8,120.0
666,"SubNetwork=RootNetwork1,SubNetwork=SubNetwork1,MeContext=meContext01,ManagedElement=1,ENodeBFunction=760,EUtranCellFDD=eutranCellFdd666",559,"SubNetwork=RootNetwork1,SubNetwork=SubNetwork1,MeContext=meContext01,ManagedElement=1,ENodeBFunction=282,EUtranCellFDD=eutranCellFdd559",7,911.21,False,83.8,120.0
666,"SubNetwork=RootNetwork1,SubNetwork=SubNetwork1,MeContext=meContext01,ManagedElement=1,ENodeBFunction=760,EUtranCellFDD=eutranCellFdd666",430,"SubNetwork=RootNetwork1,SubNetwork=SubNetwork1,MeContext=meContext01,ManagedElement=1,ENodeBFunction=282,EUtranCellFDD=eutranCellFdd430",8,911.21,False,83.8,120.0
719,"SubNetwork=RootNetwork1,SubNetwork=SubNetwork1,MeContext=meContext01,ManagedElement=1,ENodeBFunction=282,EUtranCellFDD=eutranCellFdd719",559,"SubNetwork=RootNetwork1,SubNetwork=SubNetwork1,MeContext=meContext01,ManagedElement=1,ENodeBFunction=282,EUtranCellFDD=eutranCellFdd559",1,0.0,True,,
719,"SubNetwork=RootNetwork1,SubNetwork=SubNetwork1,MeContext=meContext01,ManagedElement=1,ENodeBFunction=282,EUtranCellFDD=eutranCellFdd719",430,"SubNetwork=RootNetwork1,SubNetwork=SubNetwork1,MeContext=meContext01,ManagedElement=1,ENodeBFunction=282,EUtranCellFDD=eutranCellFdd430",2,0.0,True,,
719,"SubNetwork=RootNetwork1,SubNetwork=SubNetwork1,MeContext=meContext01,ManagedElement=1,ENodeBFunction=282,EUtranCellFDD=eutranCellFdd719",204,"SubNetwork=RootNetwork1,SubNetwork=SubNetwork1,MeContext=meContext01,ManagedElement=1,ENodeBFunction=760,EUtranCellFDD=eutranCellFdd204",3,911.21,False,263.8,35.0
719,"SubNetwork=RootNetwork1,SubNetwork=SubNetwork1,MeContext=meContext01,ManagedElement=1,ENodeBFunction=282,EUtranCellFDD=eutranCellFdd719",734,"SubNetwork=RootNetwork1,SubNetwork=SubNetwork1,MeContext=meContext01,ManagedElement=1,ENodeBFunction=760,EUtranCellFDD=eutranCellFdd734",4,911.21,False,263.8,35.0
719,"SubNetwork=RootNetwork1,SubNetwork=SubNetwork1,MeContext=meContext01,ManagedElement=1,ENodeBFunction=282,EUtranCellFDD=eutranCellFdd719",666,"SubNetwork=RootNetwork1,SubNetwork=SubNetwork1,MeContext=meContext01,ManagedElement=1,ENodeBFunction=760,EUtranCellFDD=eutranCellFdd666",5,911.21,False,263.8,35.0
719,"SubNetwork=RootNetwork1,SubNetwork=SubNetwork1,MeContext=meContext01,ManagedElement=1,ENodeBFunction=282,EUtranCellFDD=eutranCellFdd719",349,"SubNetwork=RootNetwork1,SubNetwork=SubNetwork1,MeContext=meContext01,ManagedElement=1,ENodeBFunction=105,EUtranCellFDD=eutranCellFdd349",6,1170.92,False,13.3,144.5
719,"SubNetwork=RootNetwork1,SubNetwork=SubNetwork1,MeContext=meContext01,ManagedElement=1,ENodeBFunction=282,EUtranCellFDD=eutranCellFdd719",160,"SubNetwork=RootNetwork1,SubNetwork=SubNetwork1,MeContext=meContext01,ManagedElement=1,ENodeBFunction=105,EUtranCellFDD=eutranCellFdd160",7,1170.92,False,13.3,144.5
719,"SubNetwork=RootNetwork1,SubNetwork=SubNetwork1,MeContext=meContext01,ManagedElement=1,ENodeBFunction=282,EUtranCellFDD=eutranCellFdd719",221,"SubNetwork=RootNetwork1,SubNetwork=SubNetwork1,MeContext=meContext01,ManagedElement=1,ENodeBFunction=105,EUtranCellFDD=eutranCellFdd221",8,1170.92,False,13.3,144.5
559,"SubNetwork=RootNetwork1,SubNetwork=SubNetwork1,MeContext=meContext01,ManagedElement=1,ENodeBFunction=282,EUtranCellFDD=eutranCellFdd559",719,"SubNetwork=RootNetwork1,SubNetwork=SubNetwork1,MeContext=meContext01,ManagedElement=1,ENodeBFunction=282,EUtranCellFDD=eutranCellFdd719",1,0.0,True,,
559,"SubNetwork=RootNetwork1,SubNetwork=SubNetwork1,MeContext=meContext01,ManagedElement=1,ENodeBFunction=282,EUtranCellFDD=eutranCellFdd559",430,"SubNetwork=RootNetwork1,SubNetwork=SubNetwork1,MeContext=meContext01,ManagedElement=1,ENodeBFunction=282,EUtranCellFDD=eutranCellFdd430",2,0.0,True,,
559,"SubNetwork=RootNetwork1,SubNetwork=SubNetwork1,MeContext=meContext01,ManagedElement=1,ENodeBFunction=282,EUtranCellFDD=eutranCellFdd559",204,"SubNetwork=RootNetwork1,SubNetwork=SubNetwork1,MeContext=meContext01,ManagedElement=1,ENodeBFunction=760,EUtranCellFDD=eutranCellFdd204",3,911.21,False,263.8,85.0
559,"SubNetwork=RootNetwork1,SubNetwork=SubNetwork1,MeContext=meContext01,ManagedElement=1,ENodeBFunction=282,EUtranCellFDD=eutranCellFdd559",734,"SubNetwork=RootNetwork1,SubNetwork=SubNetwork1,MeContext=meContext01,ManagedElement=1,ENodeBFunction=760,EUtranCellFDD=eutranCellFdd734",4,911.21,False,263.8,85.0
559,"SubNetwork=RootNetwork1,SubNetwork=SubNetwork1,MeContext=meContext01,ManagedElement=1,ENodeBFunction=282,EUtranCellFDD=eutranCellFdd559",666,"SubNetwork=RootNetwork1,SubNetwork=SubNetwork1,MeContext=meContext01,ManagedElement=1,ENodeBFunction=760,EUtranCellFDD=eutranCellFdd666",5,911.21,False,263.8,85.0
559,"SubNetwork=RootNetwork1,SubNetwork=SubNetwork1,MeContext=meContext01,ManagedElement=1,ENodeBFunction=282,EUtranCellFDD=eutranCellFdd559",349,"SubNetwork=RootNetwork1,SubNetwork=SubNetwork1,MeContext=meContext01,ManagedElement=1,ENodeBFunction=105,EUtranCellFDD=eutranCellFdd349",6,1170.92,False,13.3,24.5
559,"SubNetwork=RootNetwork1,SubNetwork=SubNetwork1,MeContext=meContext01,ManagedElement=1,ENodeBFunction=282,EUtranCellFDD=eutranCellFdd559",160,"SubNetwork=RootNetwork1,SubNetwork=SubNetwork1,MeContext=meContext01,ManagedElement=1,ENodeBFunction=105,EUtranCellFDD=eutranCellFdd160",7,1170.92,False,13.3,24.5
559,"SubNetwork=RootNetwork1,SubNetwork=SubNetwork1,MeContext=meContext01,ManagedElement=1,ENodeBFunction=282,EUtranCellFDD=eutranCellFdd559",221,"SubNetwork=RootNetwork1,SubNetwork=SubNetwork1,MeContext=meContext01,ManagedElement=1,ENodeBFunction=105,EUtranCellFDD=eutranCellFdd221",8,1170.92,False,13.3,24.5
430,"SubNetwork=RootNetwork1,SubNetwork=SubNetwork1,MeContext=meContext01,ManagedElement=1,ENodeBFunction=282,EUtranCellFDD=eutranCellFdd430",719,"SubNetwork=RootNetwork1,SubNetwork=SubNetwork1,MeContext=meContext01,ManagedElement=1,ENodeBFunction=282,EUtranCellFDD=eutranCellFdd719",1,0.0,True,,
430,"SubNetwork=RootNetwork1,SubNetwork=SubNetwork1,MeContext=meContext01,ManagedElement=1,ENodeBFunction=282,EUtranCellFDD=eutranCellFdd430",559,"SubNetwork=RootNetwork1,SubNetwork=SubNetwork1,MeContext=meContext01,ManagedElement=1,ENodeBFunction=282,EUtranCellFDD=eutranCellFdd559",2,0.0,True,,
430,"SubNetwork=RootNetwork1,SubNetwork=SubNetwork1,MeContext=meContext01,ManagedElement=1,ENodeBFunction=282,EUtranCellFDD=eutranCellFdd430",204,"SubNetwork=RootNetwork1,SubNetwork=SubNetwork1,MeContext=meContext01,ManagedElement=1,ENodeBFunction=760,EUtranCellFDD=eutranCellFdd204",3,911.21,False,263.8,155.0
430,"SubNetwork=RootNetwork1,SubNetwork=SubNetwork1,MeContext=meContext01,ManagedElement=1,ENodeBFunction=282,EUtranCellFDD=eutranCellFdd430",734,"SubNetwork=RootNetwork1,SubNetwork=SubNetwork1,MeContext=meContext01,ManagedElement=1,ENodeBFunction=760,EUtranCellFDD=eutranCellFdd734",4,911.21,False,263.8,155.0
430,"SubNetwork=RootNetwork1,SubNetwork=SubNetwork1,MeContext=meContext01,ManagedElement=1,ENodeBFunction=282,EUtranCellFDD=eutranCellFdd430",666,"SubNetwork=RootNetwork1,SubNetwork=SubNetwork1,MeContext=meContext01,ManagedElement=1,ENodeBFunction=760,EUtranCellFDD=eutranCellFdd666",5,911.21,False,263.8,155.0
430,"SubNetwork=RootNetwork1,SubNetwork=SubNetwork1,MeContext=meContext01,ManagedElement=1,ENodeBFunction=282,EUtranCellFDD=eutranCellFdd430",349,"SubNetwork=RootNetwork1,SubNetwork=SubNetwork1,MeContext=meContext01,ManagedElement=1,ENodeBFunction=105,EUtranCellFDD=eutranCellFdd349",6,1170.92,False,13.3,95.5
430,"SubNetwork=RootNetwork1,SubNetwork=SubNetwork1,MeContext=meContext01,ManagedElement=1,ENodeBFunction=282,EUtranCellFDD=eutranCellFdd430",160,"SubNetwork=RootNetwork1,SubNetwork=SubNetwork1,MeContext=meContext01,ManagedElement=1,ENodeBFunction=105,EUtranCellFDD=eutranCellFdd160",7,1170.92,False,13.3,95.5
430,"SubNetwork=RootNetwork1,SubNetwork=SubNetwork1,MeContext=meContext01,ManagedElement=1,ENodeBFunction=282,EUtranCellFDD=eutranCellFdd430",221,"SubNetwork=RootNetwork1,SubNetwork=SubNetwork1,MeContext=meContext01,ManagedElement=1,ENodeBFunction=105,EUtranCellFDD=eutranCellFdd221",8,1170.92,False,13.3,95.5
226,"SubNetwork=RootNetwork1,SubNetwork=SubNetwork1,MeContext=meContext01,ManagedElement=1,ENodeBFunction=251,EUtranCellFDD=eutranCellFdd226",460,"SubNetwork=RootNetwork1,SubNetwork=SubNetwork1,MeContext=meContext01,ManagedElement=1,ENodeBFunction=251,EUtranCellFDD=eutranCellFdd460",1,0.0,True,,
226,"SubNetwork=RootNetwork1,SubNetwork=SubNetwork1,MeContext=meContext01,ManagedElement=1,ENodeBFunction=251,EUtranCellFDD=eutranCellFdd226",604,"SubNetwork=RootNetwork1,SubNetwork=SubNetwork1,MeContext=meContext01,ManagedElement=1,ENodeBFunction=251,EUtranCellFDD=eutranCellFdd604",2,0.0,True,,
226,"SubNetwork=RootNetwork1,SubNetwork=SubNetwork1,MeContext=meContext01,ManagedElement=1,ENodeBFunction=251,EUtranCellFDD=eutranCellFdd226",33,"SubNetwork=RootNetwork1,SubNetwork=SubNetwork1,MeContext=meContext01,ManagedElement=1,ENodeBFunction=655,EUtranCellFDD=eutranCellFdd033",3,909.1,False,179.6,104.2
226,"SubNetwork=RootNetwork1,SubNetwork=SubNetwork1,MeContext=meContext01,ManagedElement=1,ENodeBFunction=251,EUtranCellFDD=eutranCellFdd226",31,"SubNetwork=RootNetwork1,SubNetwork=SubNetwork1,MeContext=meContext01,ManagedElement=1,ENodeBFunction=655,EUtranCellFDD=eutranCellFdd031",4,909.1,False,179.6,104.2
226,"SubNetwork=RootNetwork1,SubNetwork=SubNetwork1,MeContext=meContext01,ManagedElement=1,ENodeBFunction=251,EUtranCellFDD=eutranCellFdd226",96,"SubNetwork=RootNetwork1,SubNetwork=SubNetwork1,MeContext=meContext01,ManagedElement=1,ENodeBFunction=655,EUtranCellFDD=eutranCellFdd096",5,909.1,False,179.6,104.2
226,"SubNetwork=RootNetwork1,SubNetwork=SubNetwork1,MeContext=meContext01,ManagedElement=1,ENodeBFunction=251,EUtranCellFDD=eutranCellFdd226",285,"SubNetwork=RootNetwork1,SubNetwork=SubNetwork1,MeContext=meContext01,ManagedElement=1,ENodeBFunction=229,EUtranCellFDD=eutranCellFdd285",6,992.35,False,73.4,2.0
226,"SubNetwork=RootNetwork1,SubNetwork=SubNetwork1,MeContext=meContext01,ManagedElement=1,ENodeBFunction=251,EUtranCellFDD=eutranCellFdd226",829,"SubNetwork=RootNetwork1,SubNetwork=SubNetwork1,MeContext=meContext01,ManagedElement=1,ENodeBFunction=229,EUtranCellFDD=eutranCellFdd829",7,992.35,False,73.4,2.0
226,"SubNetwork=RootNetwork1,SubNetwork=SubNetwork1,MeContext=meContext01,ManagedElement=1,ENodeBFunction=251,EUtranCellFDD=eutranCellFdd226",891,"SubNetwork=RootNetwork1,SubNetwork=SubNetwork1,MeContext=meContext01,ManagedElement=1,ENodeBFunction=229,EUtranCellFDD=eutranCellFdd891",8,992.35,False,73.4,2.0
460,"SubNetwork=RootNetwork1,SubNetwork=SubNetwork1,MeContext=meContext01,ManagedElement=1,ENodeBFunction=251,EUtranCellFDD=eutranCellFdd460",226,"SubNetwork=RootNetwork1,SubNetwork=SubNetwork1,MeContext=meContext01,ManagedElement=1,ENodeBFunction=251,EUtranCellFDD=eutranCellFdd226",1,0.0,True,,
460,"SubNetwork=RootNetwork1,SubNetwork=SubNetwork1,MeContext=meContext01,ManagedElement=1,ENodeBFunction=251,EUtranCellFDD=eutranCellFdd460",604,"SubNetwork=RootNetwork1,SubNetwork=SubNetwork1,MeContext=meContext01,ManagedElement=1,ENodeBFunction=251,EUtranCellFDD=eutranCellFdd604",2,0.0,True,,
460,"SubNetwork=RootNetwork1,SubNetwork=SubNetwork1,MeContext=meContext01,ManagedElement=1,ENodeBFunction=251,EUtranCellFDD=eutranCellFdd460",33,"SubNetwork=RootNetwork1,SubNetwork=SubNetwork1,MeContext=meContext01,ManagedElement=1,ENodeBFunction=655,EUtranCellFDD=eutranCellFdd033",3,909.1,False,179.6,15.8
460,"SubNetwork=RootNetwork1,SubNetwork=SubNetwork1,MeContext=meContext01,ManagedElement=1,ENodeBFunction=251,EUtranCellFDD=eutranCellFdd460",31,"SubNetwork=RootNetwork1,SubNetwork=SubNetwork1,MeContext=meContext01,ManagedElement=1,ENodeBFunction=655,EUtranCellFDD=eutranCellFdd031",4,909.1,False,179.6,15.8
460,"SubNetwork=RootNetwork1,SubNetwork=SubNetwork1,MeContext=meContext01,ManagedElement=1,ENodeBFunction=251,EUtranCellFDD=eutranCellFdd460",96,"SubNetwork=RootNetwork1,SubNetwork=SubNetwork1,MeContext=meContext01,ManagedElement=1,ENodeBFunction=655,EUtranCellFDD=eutranCellFdd096",5,909.1,False,179.6,15.8
460,"SubNetwork=RootNetwork1,SubNetwork=SubNetwork1,MeContext=meContext01,ManagedElement=1,ENodeBFunction=251,EUtranCellFDD=eutranCellFdd460",285,"SubNetwork=RootNetwork1,SubNetwork=SubNetwork1,MeContext=meContext01,ManagedElement=1,ENodeBFunction=229,EUtranCellFDD=eutranCellFdd285",6,992.35,False,73.4,122.0
460,"SubNetwork=RootNetwork1,SubNetwork=SubNetwork1,MeContext=meContext01,ManagedElement=1,ENodeBFunction=251,EUtranCellFDD=eutranCellFdd460",829,"SubNetwork=RootNetwork1,SubNetwork=SubNetwork1,MeContext=meContext01,ManagedElement=1,ENodeBFunction=229,EUtranCellFDD=eutranCellFdd829",7,992.35,False,73.4,122.0
460,"SubNetwork=RootNetwork1,SubNetwork=SubNetwork1,MeContext=meContext01,ManagedElement=1,ENodeBFunction=251,EUtranCellFDD=eutranCellFdd460",891,"SubNetwork=RootNetwork1,SubNetwork=SubNetwork1,MeContext=meContext01,ManagedElement=1,ENodeBFunction=229,EUtranCellFDD=eutranCellFdd891",8,992.35,False,73.4,122.0
604,"SubNetwork=RootNetwork1,SubNetwork=SubNetwork1,MeContext=meContext01,ManagedElement=1,ENodeBFunction=251,EUtranCellFDD=eutranCellFdd604",226,"SubNetwork=RootNetwork1,SubNetwork=SubNetwork1,MeContext=meContext01,ManagedElement=1,ENodeBFunction=251,EUtranCellFDD=eutranCellFdd226",1,0.0,True,,
604,"SubNetwork=RootNetwork1,SubNetwork=SubNetwork1,MeContext=meContext01,ManagedElement=1,ENodeBFunction=251,EUtranCellFDD=eutranCellFdd604",460,"SubNetwork=RootNetwork1,SubNetwork=SubNetwork1,MeContext=meContext01,ManagedElement=1,ENodeBFunction=251,EUtranCellFDD=eutranCellFdd460",2,0.0,True,,
604,"SubNetwork=RootNetwork1,SubNetwork=SubNetwork1,MeContext=meContext01,ManagedElement=1,ENodeBFunction=251,EUtranCellFDD=eutranCellFdd604",33,"SubNetwork=RootNetwork1,SubNetwork=SubNetwork1,MeContext=meContext01,ManagedElement=1,ENodeBFunction=655,EUtranCellFDD=eutranCellFdd033",3,909.1,False,179.6,135.8
604,"SubNetwork=RootNetwork1,SubNetwork=SubNetwork1,MeContext=meContext01,ManagedElement=1,ENodeBFunction=251,EUtranCellFDD=eutranCellFdd604",31,"SubNetwork=RootNetwork1,SubNetwork=SubNetwork1,MeContext=meContext01,ManagedElement=1,ENodeBFunction=655,EUtranCellFDD=eutranCellFdd031",4,909.1,False,179.6,135.8
604,"SubNetwork=RootNetwork1,SubNetwork=SubNetwork1,MeContext=meContext01,ManagedElement=1,ENodeBFunction=251,EUtranCellFDD=eutranCellFdd604",96,"SubNetwork=RootNetwork1,SubNetwork=SubNetwork1,MeContext=meContext01,ManagedElement=1,ENodeBFunction=655,EUtranCellFDD=eutranCellFdd096",5,909.1,False,179.6,135.8
604,"SubNetwork=RootNetwork1,SubNetwork=SubNetwork1,MeContext=meContext01,ManagedElement=1,ENodeBFunction=251,EUtranCellFDD=eutranCellFdd604",285,"SubNetwork=RootNetwork1,SubNetwork=SubNetwork1,MeContext=meContext01,ManagedElement=1,ENodeBFunction=229,EUtranCellFDD=eutranCellFdd285",6,992.35,False,73.4,118.0
604,"SubNetwork=RootNetwork1,SubNetwork=SubNetwork1,MeContext=meContext01,ManagedElement=1,ENodeBFunction=251,EUtranCellFDD=eutranCellFdd604",829,"SubNetwork=RootNetwork1,SubNetwork=SubNetwork1,MeContext=meContext01,ManagedElement=1,ENodeBFunction=229,EUtranCellFDD=eutranCellFdd829",7,992.35,False,73.4,118.0
604,"SubNetwork=RootNetwork1,SubNetwork=SubNetwork1,MeContext=meContext01,ManagedElement=1,ENodeBFunction=251,EUtranCellFDD=eutranCellFdd604",891,"SubNetwork=RootNetwork1,SubNetwork=SubNetwork1,MeContext=meContext01,ManagedElement=1,ENodeBFunction=229,EUtranCellFDD=eutranCellFdd891",8,992.35,False,73.4,118.0
285,"SubNetwork=RootNetwork1,SubNetwork=SubNetwork1,MeContext=meContext01,ManagedElement=1,ENodeBFunction=229,EUtranCellFDD=eutranCellFdd285",829,"SubNetwork=RootNetwork1,SubNetwork=SubNetwork1,MeContext=meContext01,ManagedElement=1,ENodeBFunction=229,EUtranCellFDD=eutranCellFdd829",1,0.0,True,,
285,"SubNetwork=RootNetwork1,SubNetwork=SubNetwork1,MeContext=meContext01,ManagedElement=1,ENodeBFunction=229,EUtranCellFDD=eutranCellFdd285",891,"SubNetwork=RootNetwork1,SubNetwork=SubNetwork1,MeContext=meContext01,ManagedElement=1,ENodeBFunction=229,EUtranCellFDD=eutranCellFdd891",2,0.0,True,,
285,"SubNetwork=RootNetwork1,SubNetwork=SubNetwork1,MeContext=meContext01,ManagedElement=1,ENodeBFunction=229,EUtranCellFDD=eutranCellFdd285",105,"SubNetwork=RootNetwork1,SubNetwork=SubNetwork1,MeContext=meContext01,ManagedElement=1,ENodeBFunction=759,EUtranCellFDD=eutranCellFdd105",3,699.33,False,350.3,117.0
285,"SubNetwork=RootNetwork1,SubNetwork=SubNetwork1,MeContext=meContext01,ManagedElement=1,ENodeBFunction=229,EUtranCellFDD=eutranCellFdd285",95,"SubNetwork=RootNetwork1,SubNetwork=SubNetwork1,MeContext=meContext01,ManagedElement=1,ENodeBFunction=759,EUtranCellFDD=eutranCellFdd095",4,699.33,False,350.3,117.0
285,"SubNetwork=RootNetwork1,SubNetwork=SubNetwork1,MeContext=meContext01,ManagedElement=1,ENodeBFunction=229,EUtranCellFDD=eutranCellFdd285",390,"SubNetwork=RootNetwork1,SubNetwork=SubNetwork1,MeContext=meContext01,ManagedElement=1,ENodeBFunction=759,EUtranCellFDD=eutranCellFdd390",5,699.33,False,350.3,117.0
285,"SubNetwork=RootNetwork1,SubNetwork=SubNetwork1,MeContext=meContext01,ManagedElement=1,ENodeBFunction=229,EUtranCellFDD=eutranCellFdd285",226,"SubNetwork=RootNetwork1,SubNetwork=SubNetwork1,MeContext=meContext01,ManagedElement=1,ENodeBFunction=251,EUtranCellFDD=eutranCellFdd226",6,992.35,False,253.4,20.1
285,"SubNetwork=RootNetwork1,SubNetwork=SubNetwork1,MeContext=meContext01,ManagedElement=1,ENodeBFunction=229,EUtranCellFDD=eutranCellFdd285",460,"SubNetwork=RootNetwork1,SubNetwork=SubNetwork1,MeContext=meContext01,ManagedElement=1,ENodeBFunction=251,EUtranCellFDD=eutranCellFdd460",7,992.35,False,253.4,20.1
285,"SubNetwork=RootNetwork1,SubNetwork=SubNetwork1,MeContext=meContext01,ManagedElement=1,ENodeBFunction=229,EUtranCellFDD=eutranCellFdd285",604,"SubNetwork=RootNetwork1,SubNetwork=SubNetwork1,MeContext=meContext01,ManagedElement=1,ENodeBFunction=251,EUtranCellFDD=eutranCellFdd604",8,992.35,False,253.4,20.1
829,"SubNetwork=RootNetwork1,SubNetwork=SubNetwork1,MeContext=meContext01,ManagedElement=1,ENodeBFunction=229,EUtranCellFDD=eutranCellFdd829",285,"SubNetwork=RootNetwork1,SubNetwork=SubNetwork1,MeContext=meContext01,ManagedElement=1,ENodeBFunction=229,EUtranCellFDD=eutranCellFdd285",1,0.0,True,,
829,"SubNetwork=RootNetwork1,SubNetwork=SubNetwork1,MeContext=meContext01,ManagedElement=1,ENodeBFunction=229,EUtranCellFDD=eutranCellFdd829",891,"SubNetwork=RootNetwork1,SubNetwork=SubNetwork1,MeContext=meContext01,ManagedElement=1,ENodeBFunction=229,EUtranCellFDD=eutranCellFdd891",2,0.0,True,,
829,"SubNetwork=RootNetwork1,SubNetwork=SubNetwork1,MeContext=meContext01,ManagedElement=1,ENodeBFunction=229,EUtranCellFDD=eutranCellFdd829",105,"SubNetwork=RootNetwork1,SubNetwork=SubNetwork1,MeContext=meContext01,ManagedElement=1,ENodeBFunction=759,EUtranCellFDD=eutranCellFdd105",3,699.33,False,350.3,3.0
829,"SubNetwork=RootNetwork1,SubNetwork=SubNetwork1,MeContext=meContext01,ManagedElement=1,ENodeBFunction=229,EUtranCellFDD=eutranCellFdd829",95,"SubNetwork=RootNetwork1,SubNetwork=SubNetwork1,MeContext=meContext01,ManagedElement=1,ENodeBFunction=759,EUtranCellFDD=eutranCellFdd095",4,699.33,False,350.3,3.0
829,"SubNetwork=RootNetwork1,SubNetwork=SubNetwork1,MeContext=meContext01,ManagedElement=1,ENodeBFunction=229,EUtranCellFDD=eutranCellFdd829",390,"SubNetwork=RootNetwork1,SubNetwork=SubNetwork1,MeContext=meContext01,ManagedElement=1,ENodeBFunction=759,EUtranCellFDD=eutranCellFdd390",5,699.33,False,350.3,3.0
829,"SubNetwork=RootNetwork1,SubNetwork=SubNetwork1,MeContext=meContext01,ManagedElement=1,ENodeBFunction=229,EUtranCellFDD=eutranCellFdd829",226,"SubNetwork=RootNetwork1,SubNetwork=SubNetwork1,MeContext=meContext01,ManagedElement=1,ENodeBFunction=251,EUtranCellFDD=eutranCellFdd226",6,992.35,False,253.4,99.9
829,"SubNetwork=RootNetwork1,SubNetwork=SubNetwork1,MeContext=meContext01,ManagedElement=1,ENodeBFunction=229,EUtranCellFDD=eutranCellFdd829",460,"SubNetwork=RootNetwork1,SubNetwork=SubNetwork1,MeContext=meContext01,ManagedElement=1,ENodeBFunction=251,EUtranCellFDD=eutranCellFdd460",7,992.35,False,253.4,99.9
829,"SubNetwork=RootNetwork1,SubNetwork=SubNetwork1,MeContext=meContext01,ManagedElement=1,ENodeBFunction=229,EUtranCellFDD=eutranCellFdd829",604,"SubNetwork=RootNetwork1,SubNetwork=SubNetwork1,MeContext=meContext01,ManagedElement=1,ENodeBFunction=251,EUtranCellFDD=eutranCellFdd604",8,992.35,False,253.4,99.9
891,"SubNetwork=RootNetwork1,SubNetwork=SubNetwork1,MeContext=meContext01,ManagedElement=1,ENodeBFunction=229,EUtranCellFDD=eutranCellFdd891",285,"SubNetwork=RootNetwork1,SubNetwork=SubNetwork1,MeContext=meContext01,ManagedElement=1,ENodeBFunction=229,EUtranCellFDD=eutranCellFdd285",1,0.0,True,,
891,"SubNetwork=RootNetwork1,SubNetwork=SubNetwork1,MeContext=meContext01,ManagedElement=1,ENodeBFunction=229,EUtranCellFDD=eutranCellFdd891",829,"SubNetwork=RootNetwork1,SubNetwork=SubNetwork1,MeContext=meContext01,ManagedElement=1,ENodeBFunction=229,EUtranCellFDD=eutranCellFdd829",2,0.0,True,,
891,"SubNetwork=RootNetwork1,SubNetwork=SubNetwork1,MeContext=meContext01,ManagedElement=1,ENodeBFunction=229,EUtranCellFDD=eutranCellFdd891",105,"SubNetwork=RootNetwork1,SubNetwork=SubNetwork1,MeContext=meContext01,ManagedElement=1,ENodeBFunction=759,EUtranCellFDD=eutranCellFdd105",3,699.33,False,350.3,123.0
891,"SubNetwork=RootNetwork1,SubNetwork=SubNetwork1,MeContext=meContext01,ManagedElement=1,ENodeBFunction=229,EUtranCellFDD=eutranCellFdd891",95,"SubNetwork=RootNetwork1,SubNetwork=SubNetwork1,MeContext=meContext01,ManagedElement=1,ENodeBFunction=759,EUtranCellFDD=eutranCellFdd095",4,699.33,False,350.3,123.0
891,"SubNetwork=RootNetwork1,SubNetwork=SubNetwork1,MeContext=meContext01,ManagedElement=1,ENodeBFunction=229,EUtranCellFDD=eutranCellFdd891",390,"SubNetwork=RootNetwork1,SubNetwork=SubNetwork1,MeContext=meContext01,ManagedElement=1,ENodeBFunction=759,EUtranCellFDD=eutranCellFdd390",5,699.33,False,350.3,123.0
891,"SubNetwork=RootNetwork1,SubNetwork=SubNetwork1,MeContext=meContext01,ManagedElement=1,ENodeBFunction=229,EUtranCellFDD=eutranCellFdd891",226,"SubNetwork=RootNetwork1,SubNetwork=SubNetwork1,MeContext=meContext01,ManagedElement=1,ENodeBFunction=251,EUtranCellFDD=eutranCellFdd226",6,992.35,False,253.4,140.1
891,"SubNetwork=RootNetwork1,SubNetwork=SubNetwork1,MeContext=meContext01,ManagedElement=1,ENodeBFunction=229,EUtranCellFDD=eutranCellFdd891",460,"SubNetwork=RootNetwork1,SubNetwork=SubNetwork1,MeContext=meContext01,ManagedElement=1,ENodeBFunction=251,EUtranCellFDD=eutranCellFdd460",7,992.35,False,253.4,140.1
891,"SubNetwork=RootNetwork1,SubNetwork=SubNetwork1,MeContext=meContext01,ManagedElement=1,ENodeBFunction=229,EUtranCellFDD=eutranCellFdd891",604,"SubNetwork=RootNetwork1,SubNetwork=SubNetwork1,MeContext=meContext01,ManagedElement=1,ENodeBFunction=251,EUtranCellFDD=eutranCellFdd604",8,992.35,False,253.4,140.1
7,"SubNetwork=RootNetwork1,SubNetwork=SubNetwork1,MeContext=meContext01,ManagedElement=1,ENodeBFunction=143,EUtranCellFDD=eutranCellFdd007",778,"SubNetwork=RootNetwork1,SubNetwork=SubNetwork1,MeContext=meContext01,ManagedElement=1,ENodeBFunction=143,EUtranCellFDD=eutranCellFdd778",1,0.0,True,,
7,"SubNetwork=RootNetwork1,SubNetwork=SubNetwork1,MeContext=meContext01,ManagedElement=1,ENodeBFunction=143,EUtranCellFDD=eutranCellFdd007",826,"SubNetwork=RootNetwork1,SubNetwork=SubNetwork1,MeContext=meContext01,ManagedElement=1,ENodeBFunction=143,EUtranCellFDD=eutranCellFdd826",2,0.0,True,,
7,"SubNetwork=RootNetwork1,SubNetwork=SubNetwork1,MeContext=meContext01,ManagedElement=1,ENodeBFunction=143,EUtranCellFDD=eutranCellFdd007",164,"SubNetwork=RootNetwork1,SubNetwork=SubNetwork1,MeContext=meContext01,ManagedElement=1,ENodeBFunction=755,EUtranCellFDD=eutranCellFdd164",3,784.08,False,82.4,179.9
7,"SubNetwork=RootNetwork1,SubNetwork=SubNetwork1,MeContext=meContext01,ManagedElement=1,ENodeBFunction=143,EUtranCellFDD=eutranCellFdd007",715,"SubNetwork=RootNetwork1,SubNetwork=SubNetwork1,MeContext=meContext01,ManagedElement=1,ENodeBFunction=755,EUtranCellFDD=eutranCellFdd715",4,784.08,False,82.4,179.9
7,"SubNetwork=RootNetwork1,SubNetwork=SubNetwork1,MeContext=meContext01,ManagedElement=1,ENodeBFunction=143,EUtranCellFDD=eutranCellFdd007",433,"SubNetwork=RootNetwork1,SubNetwork=SubNetwork1,MeContext=meContext01,ManagedElement=1,ENodeBFunction=755,EUtranCellFDD=eutranCellFdd433",5,784.08,False,82.4,179.9
7,"SubNetwork=RootNetwork1,SubNetwork=SubNetwork1,MeContext=meContext01,ManagedElement=1,ENodeBFunction=143,EUtranCellFDD=eutranCellFdd007",617,"SubNetwork=RootNetwork1,SubNetwork=SubNetwork1,MeContext=meContext01,ManagedElement=1,ENodeBFunction=26,EUtranCellFDD=eutranCellFdd617",6,1063.73,False,177.4,85.1
7,"SubNetwork=RootNetwork1,SubNetwork=SubNetwork1,MeContext=meContext01,ManagedElement=1,ENodeBFunction=143,EUtranCellFDD=eutranCellFdd007",28,"SubNetwork=RootNetwork1,SubNetwork=SubNetwork1,MeContext=meContext01,ManagedElement=1,ENodeBFunction=26,EUtranCellFDD=eutranCellFdd028",7,1063.73,False,177.4,85.1
7,"SubNetwork=RootNetwork1,SubNetwork=SubNetwork1,MeContext=meContext01,ManagedElement=1,ENodeBFunction=143,EUtranCellFDD=eutranCellFdd007",575,"SubNetwork=RootNetwork1,SubNetwork=SubNetwork1,MeContext=meContext01,ManagedElement=1,ENodeBFunction=26,EUtranCellFDD=eutranCellFdd575",8,1063.73,False,177.4,85.1
778,"SubNetwork=RootNetwork1,SubNetwork=SubNetwork1,MeContext=meContext01,ManagedElement=1,ENodeBFunction=143,EUtranCellFDD=eutranCellFdd778",7,"SubNetwork=RootNetwork1,SubNetwork=SubNetwork1,MeContext=meContext01,ManagedElement=1,ENodeBFunction=143,EUtranCellFDD=eutranCellFdd007",1,0.0,True,,
778,"SubNetwork=RootNetwork1,SubNetwork=SubNetwork1,MeContext=meContext01,ManagedElement=1,ENodeBFunction=143,EUtranCellFDD=eutranCellFdd778",826,"SubNetwork=RootNetwork1,SubNetwork=SubNetwork1,MeContext=meContext01,ManagedElement=1,ENodeBFunction=143,EUtranCellFDD=eutranCellFdd826",2,0.0,True,,
778,"SubNetwork=RootNetwork1,SubNetwork=SubNetwork1,MeContext=meContext01,ManagedElement=1,ENodeBFunction=143,EUtranCellFDD=eutranCellFdd778",164,"SubNetwork=RootNetwork1,SubNetwork=SubNetwork1,MeContext=meContext01,ManagedElement=1,ENodeBFunction=755,EUtranCellFDD=eutranCellFdd164",3,784.08,False,82.4,59.9
778,"SubNetwork=RootNetwork1,SubNetwork=SubNetwork1,MeContext=meContext01,ManagedElement=1,ENodeBFunction=143,EUtranCellFDD=eutranCellFdd778",715,"SubNetwork=RootNetwork1,SubNetwork=SubNetwork1,MeContext=meContext01,ManagedElement=1,ENodeBFunction=755,EUtranCellFDD=eutranCellFdd715",4,784.08,False,82.4,59.9
778,"SubNetwork=RootNetwork1,SubNetwork=SubNetwork1,MeContext=meContext01,ManagedElement=1,ENodeBFunction=143,EUtranCellFDD=eutranCellFdd778",433,"SubNetwork=RootNetwork1,SubNetwork=SubNetwork1,MeContext=meContext01,ManagedElement=1,ENodeBFunction=755,EUtranCellFDD=eutranCellFdd433",5,784.08,False,82.4,59.9
778,"SubNetwork=RootNetwork1,SubNetwork=SubNetwork1,MeContext=meContext01,ManagedElement=1,ENodeBFunction=143,EUtranCellFDD=eutranCellFdd778",617,"SubNetwork=RootNetwork1,SubNetwork=SubNetwork1,MeContext=meContext01,ManagedElement=1,ENodeBFunction=26,EUtranCellFDD=eutranCellFdd617",6,1063.73,False,177.4,154.9
778,"SubNetwork=RootNetwork1,SubNetwork=SubNetwork1,MeContext=meContext01,ManagedElement=1,ENodeBFunction=143,EUtranCellFDD=eutranCellFdd778",28,"SubNetwork=RootNetwork1,SubNetwork=SubNetwork1,MeContext=meContext01,ManagedElement=1,ENodeBFunction=26,EUtranCellFDD=eutranCellFdd028",7,1063.73,False,177.4,154.9
778,"SubNetwork=RootNetwork1,SubNetwork=SubNetwork1,MeContext=meContext01,ManagedElement=1,ENodeBFunction=143,EUtranCellFDD=eutranCellFdd778",575,"SubNetwork=RootNetwork1,SubNetwork=SubNetwork1,MeContext=meContext01,ManagedElement=1,ENodeBFunction=26,EUtranCellFDD=eutranCellFdd575",8,1063.73,False,177.4,154.9
826,"SubNetwork=RootNetwork1,SubNetwork=SubNetwork1,MeContext=meContext01,ManagedElement=1,ENodeBFunction=143,EUtranCellFDD=eutranCellFdd826",7,"SubNetwork=RootNetwork1,SubNetwork=SubNetwork1,MeContext=meContext01,ManagedElement=1,ENodeBFunction=143,EUtranCellFDD=eutranCellFdd007",1,0.0,True,,
826,"SubNetwork=RootNetwork1,SubNetwork=SubNetwork1,MeContext=meContext01,ManagedElement=1,ENodeBFunction=143,EUtranCellFDD=eutranCellFdd826",778,"SubNetwork=RootNetwork1,SubNetwork=SubNetwork1,MeContext=meContext01,ManagedElement=1,ENodeBFunction=143,EUtranCellFDD=eutranCellFdd778",2,0.0,True,,
826,"SubNetwork=RootNetwork1,SubNetwork=SubNetwork1,MeContext=meContext01,ManagedElement=1,ENodeBFunction=143,EUtranCellFDD=eutranCellFdd826",164,"SubNetwork=RootNetwork1,SubNetwork=SubNetwork1,MeContext=meContext01,ManagedElement=1,ENodeBFunction=755,EUtranCellFDD=eutranCellFdd164",3,784.08,False,82.4,60.1
826,"SubNetwork=RootNetwork1,SubNetwork=SubNetwork1,MeContext=meContext01,ManagedElement=1,ENodeBFunction=143,EUtranCellFDD=eutranCellFdd826",715,"SubNetwork=RootNetwork1,SubNetwork=SubNetwork1,MeContext=meContext01,ManagedElement=1,ENodeBFunction=755,EUtranCellFDD=eutranCellFdd715",4,784.08,False,82.4,60.1
826,"SubNetwork=RootNetwork1,SubNetwork=SubNetwork1,MeContext=meContext01,ManagedElement=1,ENodeBFunction=143,EUtranCellFDD=eutranCellFdd826",433,"SubNetwork=RootNetwork1,SubNetwork=SubNetwork1,MeContext=meContext01,ManagedElement=1,ENodeBFunction=755,EUtranCellFDD=eutranCellFdd433",5,784.08,False,82.4,60.1
826,"SubNetwork=RootNetwork1,SubNetwork=SubNetwork1,MeContext=meContext01,ManagedElement=1,ENodeBFunction=143,EUtranCellFDD=eutranCellFdd826",617,"SubNetwork=RootNetwork1,SubNetwork=SubNetwork1,MeContext=meContext01,ManagedElement=1,ENodeBFunction=26,EUtranCellFDD=eutranCellFdd617",6,1063.73,False,177.4,34.9
826,"SubNetwork=RootNetwork1,SubNetwork=SubNetwork1,MeContext=meContext01,ManagedElement=1,ENodeBFunction=143,EUtranCellFDD=eutranCellFdd826",28,"SubNetwork=RootNetwork1,SubNetwork=SubNetwork1,MeContext=meContext01,ManagedElement=1,ENodeBFunction=26,EUtranCellFDD=eutranCellFdd028",7,1063.73,False,177.4,34.9
826,"SubNetwork=RootNetwork1,SubNetwork=SubNetwork1,MeContext=meContext01,ManagedElement=1,ENodeBFunction=143,EUtranCellFDD=eutranCellFdd826",575,"SubNetwork=RootNetwork1,SubNetwork=SubNetwork1,MeContext=meContext01,ManagedElement=1,ENodeBFunction=26,EUtranCellFDD=eutranCellFdd575",8,1063.73,False,177.4,34.9
164,"SubNetwork=RootNetwork1,SubNetwork=SubNetwork1,MeContext=meContext01,ManagedElement=1,ENodeBFunction=755,EUtranCellFDD=eutranCellFdd164",715,"SubNetwork=RootNetwork1,SubNetwork=SubNetwork1,MeContext=meContext01,ManagedElement=1,ENodeBFunction=755,EUtranCellFDD=eutranCellFdd715",1,0.0,True,,
164,"SubNetwork=RootNetwork1,SubNetwork=SubNetwork1,MeContext=meContext01,ManagedElement=1,ENodeBFunction=755,EUtranCellFDD=eutranCellFdd164",433,"SubNetwork=RootNetwork1,SubNetwork=SubNetwork1,MeContext=meContext01,ManagedElement=1,ENodeBFunction=755,EUtranCellFDD=eutranCellFdd433",2,0.0,True,,
164,"SubNetwork=RootNetwork1,SubNetwork=SubNetwork1,MeContext=meContext01,ManagedElement=1,ENodeBFunction=755,EUtranCellFDD=eutranCellFdd164",7,"SubNetwork=RootNetwork1,SubNetwork=SubNetwork1,MeContext=meContext01,ManagedElement=1,ENodeBFunction=143,EUtranCellFDD=eutranCellFdd007",3,784.08,False,262.4,93.8
164,"SubNetwork=RootNetwork1,SubNetwork=SubNetwork1,MeContext=meContext01,ManagedElement=1,ENodeBFunction=755,EUtranCellFDD=eutranCellFdd164",778,"SubNetwork=RootNetwork1,SubNetwork=SubNetwork1,MeContext=meContext01,ManagedElement=1,ENodeBFunction=143,EUtranCellFDD=eutranCellFdd778",4,784.08,False,262.4,93.8
164,"SubNetwork=RootNetwork1,SubNetwork=SubNetwork1,MeContext=meContext01,ManagedElement=1,ENodeBFunction=755,EUtranCellFDD=eutranCellFdd164",826,"SubNetwork=RootNetwork1,SubNetwork=SubNetwork1,MeContext=meContext01,ManagedElement=1,ENodeBFunction=143,EUtranCellFDD=eutranCellFdd826",5,784.08,False,262.4,93.8
164,"SubNetwork=RootNetwork1,SubNetwork=SubNetwork1,MeContext=meContext01,ManagedElement=1,ENodeBFunction=755,EUtranCellFDD=eutranCellFdd164",353,"SubNetwork=RootNetwork1,SubNetwork=SubNetwork1,MeContext=meContext01,ManagedElement=1,ENodeBFunction=559,EUtranCellFDD=eutranCellFdd353",6,1140.5,False,3.8,7.6
164,"SubNetwork=RootNetwork1,SubNetwork=SubNetwork1,MeContext=meContext01,ManagedElement=1,ENodeBFunction=755,EUtranCellFDD=eutranCellFdd164",619,"SubNetwork=RootNetwork1,SubNetwork=SubNetwork1,MeContext=meContext01,ManagedElement=1,ENodeBFunction=559,EUtranCellFDD=eutranCellFdd619",7,1140.5,False,3.8,7.6
164,"SubNetwork=RootNetwork1,SubNetwork=SubNetwork1,MeContext=meContext01,ManagedElement=1,ENodeBFunction=755,EUtranCellFDD=eutranCellFdd164",271,"SubNetwork=RootNetwork1,SubNetwork=SubNetwork1,MeContext=meContext01,ManagedElement=1,ENodeBFunction=559,EUtranCellFDD=eutranCellFdd271",8,1140.5,False,3.8,7.6
715,"SubNetwork=RootNetwork1,SubNetwork=SubNetwork1,MeContext=meContext01,ManagedElement=1,ENodeBFunction=755,EUtranCellFDD=eutranCellFdd715",164,"SubNetwork=RootNetwork1,SubNetwork=SubNetwork1,MeContext=meContext01,ManagedElement=1,ENodeBFunction=755,EUtranCellFDD=eutranCellFdd164",1,0.0,True,,
715,"SubNetwork=RootNetwork1,SubNetwork=SubNetwork1,MeContext=meContext01,ManagedElement=1,ENodeBFunction=755,EUtranCellFDD=eutranCellFdd715",433,"SubNetwork=RootNetwork1,SubNetwork=SubNetwork1,MeContext=meContext01,ManagedElement=1,ENodeBFunction=755,EUtranCellFDD=eutranCellFdd433",2,0.0,True,,
715,"SubNetwork=RootNetwork1,SubNetwork=SubNetwork1,MeContext=meContext01,ManagedElement=1,ENodeBFunction=755,EUtranCellFDD=eutranCellFdd715",7,"SubNetwork=RootNetwork1,SubNetwork=SubNetwork1,MeContext=meContext01,ManagedElement=1,ENodeBFunction=143,EUtranCellFDD=eutranCellFdd007",3,784.08,False,262.4,146.2
715,"SubNetwork=RootNetwork1,SubNetwork=SubNetwork1,MeContext=meContext01,ManagedElement=1,ENodeBFunction=755,EUtranCellFDD=eutranCellFdd715",778,"SubNetwork=RootNetwork1,SubNetwork=SubNetwork1,MeContext=meContext01,ManagedElement=1,ENodeBFunction=143,EUtranCellFDD=eutranCellFdd778",4,784.08,False,262.4,146.2
715,"SubNetwork=RootNetwork1,SubNetwork=SubNetwork1,MeContext=meContext01,ManagedElement=1,ENodeBFunction=755,EUtranCellFDD=eutranCellFdd715",826,"SubNetwork=RootNetwork1,SubNetwork=SubNetwork1,MeContext=meContext01,ManagedElement=1,ENodeBFunction=143,EUtranCellFDD=eutranCellFdd826",5,784.08,False,262.4,146.2
715,"SubNetwork=RootNetwork1,SubNetwork=SubNetwork1,MeContext=meContext01,ManagedElement=1,ENodeBFunction=755,EUtranCellFDD=eutranCellFdd715",353,"SubNetwork=RootNetwork1,SubNetwork=SubNetwork1,MeContext=meContext01,ManagedElement=1,ENodeBFunction=559,EUtranCellFDD=eutranCellFdd353",6,1140.5,False,3.8,112.4
715,"SubNetwork=RootNetwork1,SubNetwork=SubNetwork1,MeContext=meContext01,ManagedElement=1,ENodeBFunction=755,EUtranCellFDD=eutranCellFdd715",619,"SubNetwork=RootNetwork1,SubNetwork=SubNetwork1,MeContext=meContext01,ManagedElement=1,ENodeBFunction=559,EUtranCellFDD=eutranCellFdd619",7,1140.5,False,3.8,112.4
715,"SubNetwork=RootNetwork1,SubNetwork=SubNetwork1,MeContext=meContext01,ManagedElement=1,ENodeBFunction=755,EUtranCellFDD=eutranCellFdd715",271,"SubNetwork=RootNetwork1,SubNetwork=SubNetwork1,MeContext=meContext01,ManagedElement=1,ENodeBFunction=559,EUtranCellFDD=eutranCellFdd271",8,1140.5,False,3.8,112.4
433,"SubNetwork=RootNetwork1,SubNetwork=SubNetwork1,MeContext=meContext01,ManagedElement=1,ENodeBFunction=755,EUtranCellFDD=eutranCellFdd433",164,"SubNetwork=RootNetwork1,SubNetwork=SubNetwork1,MeContext=meContext01,ManagedElement=1,ENodeBFunction=755,EUtranCellFDD=eutranCellFdd164",1,0.0,True,,
433,"SubNetwork=RootNetwork1,SubNetwork=SubNetwork1,MeContext=meContext01,ManagedElement=1,ENodeBFunction=755,EUtranCellFDD=eutranCellFdd433",715,"SubNetwork=RootNetwork1,SubNetwork=SubNetwork1,MeContext=meContext01,ManagedElement=1,ENodeBFunction=755,EUtranCellFDD=eutranCellFdd715",2,0.0,True,,
433,"SubNetwork=RootNetwork1,SubNetwork=SubNetwork1,MeContext=meContext01,ManagedElement=1,ENodeBFunction=755,EUtranCellFDD=eutranCellFdd433",7,"SubNetwork=RootNetwork1,SubNetwork=SubNetwork1,MeContext=meContext01,ManagedElement=1,ENodeBFunction=143,EUtranCellFDD=eutranCellFdd007",3,784.08,False,262.4,26.2
433,"SubNetwork=RootNetwork1,SubNetwork=SubNetwork1,MeContext=meContext01,ManagedElement=1,ENodeBFunction=755,EUtranCellFDD=eutranCellFdd433",778,"SubNetwork=RootNetwork1,SubNetwork=SubNetwork1,MeContext=meContext01,ManagedElement=1,ENodeBFunction=143,EUtranCellFDD=eutranCellFdd778",4,784.08,False,262.4,26.2
433,"SubNetwork=RootNetwork1,SubNetwork=SubNetwork1,MeContext=meContext01,ManagedElement=1,ENodeBFunction=755,EUtranCellFDD=eutranCellFdd433",826,"SubNetwork=RootNetwork1,SubNetwork=SubNetwork1,MeContext=meContext01,ManagedElement=1,ENodeBFunction=143,EUtranCellFDD=eutranCellFdd826",5,784.08,False,262.4,26.2
433,"SubNetwork=RootNetwork1,SubNetwork=SubNetwork1,MeContext=meContext01,ManagedElement=1,ENodeBFunction=755,EUtranCellFDD=eutranCellFdd433",353,"SubNetwork=RootNetwork1,SubNetwork=SubNetwork1,MeContext=meContext01,ManagedElement=1,ENodeBFunction=559,EUtranCellFDD=eutranCellFdd353",6,1140.5,False,3.8,127.6
433,"SubNetwork=RootNetwork1,SubNetwork=SubNetwork1,MeContext=meContext01,ManagedElement=1,ENodeBFunction=755,EUtranCellFDD=eutranCellFdd433",619,"SubNetwork=RootNetwork1,SubNetwork=SubNetwork1,MeContext=meContext01,ManagedElement=1,ENodeBFunction=559,EUtranCellFDD=eutranCellFdd619",7,1140.5,False,3.8,127.6
433,"SubNetwork=RootNetwork1,SubNetwork=SubNetwork1,MeContext=meContext01,ManagedElement=1,ENodeBFunction=755,EUtranCellFDD=eutranCellFdd433",271,"SubNetwork=RootNetwork1,SubNetwork=SubNetwork1,MeContext=meContext01,ManagedElement=1,ENodeBFunction=559,EUtranCellFDD=eutranCellFdd271",8,1140.5,False,3.8,127.6
349,"SubNetwork=RootNetwork1,SubNetwork=SubNetwork1,MeContext=meContext01,ManagedElement=1,ENodeBFunction=105,EUtranCellFDD=eutranCellFdd349",160,"SubNetwork=RootNetwork1,SubNetwork=SubNetwork1,MeContext=meContext01,ManagedElement=1,ENodeBFunction=105,EUtranCellFDD=eutranCellFdd160",1,0.0,True,,
349,"SubNetwork=RootNetwork1,SubNetwork=SubNetwork1,MeContext=meContext01,ManagedElement=1,ENodeBFunction=105,EUtranCellFDD=eutranCellFdd349",221,"SubNetwork=RootNetwork1,SubNetwork=SubNetwork1,MeContext=meContext01,ManagedElement=1,ENodeBFunction=105,EUtranCellFDD=eutranCellFdd221",2,0.0,True,,
349,"SubNetwork=RootNetwork1,SubNetwork=SubNetwork1,MeContext=meContext01,ManagedElement=1,ENodeBFunction=105,EUtranCellFDD=eutranCellFdd349",827,"SubNetwork=RootNetwork1,SubNetwork=SubNetwork1,MeContext=meContext01,ManagedElement=1,ENodeBFunction=90,EUtranCellFDD=eutranCellFdd827",3,960.82,False,8.2,121.7
349,"SubNetwork=RootNetwork1,SubNetwork=SubNetwork1,MeContext=meContext01,ManagedElement=1,ENodeBFunction=105,EUtranCellFDD=eutranCellFdd349",45,"SubNetwork=RootNetwork1,SubNetwork=SubNetwork1,MeContext=meContext01,ManagedElement=1,ENodeBFunction=90,EUtranCellFDD=eutranCellFdd045",4,960.82,False,8.2,121.7
349,"SubNetwork=RootNetwork1,SubNetwork=SubNetwork1,MeContext=meContext01,ManagedElement=1,ENodeBFunction=105,EUtranCellFDD=eutranCellFdd349",748,"SubNetwork=RootNetwork1,SubNetwork=SubNetwork1,MeContext=meContext01,ManagedElement=1,ENodeBFunction=90,EUtranCellFDD=eutranCellFdd748",5,960.82,False,8.2,121.7
349,"SubNetwork=RootNetwork1,SubNetwork=SubNetwork1,MeContext=meContext01,ManagedElement=1,ENodeBFunction=105,EUtranCellFDD=eutranCellFdd349",719,"SubNetwork=RootNetwork1,SubNetwork=SubNetwork1,MeContext=meContext01,ManagedElement=1,ENodeBFunction=282,EUtranCellFDD=eutranCellFdd719",6,1170.92,False,193.3,53.2
349,"SubNetwork=RootNetwork1,SubNetwork=SubNetwork1,MeContext=meContext01,ManagedElement=1,ENodeBFunction=105,EUtranCellFDD=eutranCellFdd349",559,"SubNetwork=RootNetwork1,SubNetwork=SubNetwork1,MeContext=meContext01,ManagedElement=1,ENodeBFunction=282,EUtranCellFDD=eutranCellFdd559",7,1170.92,False,193.3,53.2
349,"SubNetwork=RootNetwork1,SubNetwork=SubNetwork1,MeContext=meContext01,ManagedElement=1,ENodeBFunction=105,EUtranCellFDD=eutranCellFdd349",430,"SubNetwork=RootNetwork1,SubNetwork=SubNetwork1,MeContext=meContext01,ManagedElement=1,ENodeBFunction=282,EUtranCellFDD=eutranCellFdd430",8,1170.92,False,193.3,53.2
160,"SubNetwork=RootNetwork1,SubNetwork=SubNetwork1,MeContext=meContext01,ManagedElement=1,ENodeBFunction=105,EUtranCellFDD=eutranCellFdd160",349,"SubNetwork=RootNetwork1,SubNetwork=SubNetwork1,MeContext=meContext01,ManagedElement=1,ENodeBFunction=105,EUtranCellFDD=eutranCellFdd349",1,0.0,True,,
160,"SubNetwork=RootNetwork1,SubNetwork=SubNetwork1,MeContext=meContext01,ManagedElement=1,ENodeBFunction=105,EUtranCellFDD=eutranCellFdd160",221,"SubNetwork=RootNetwork1,SubNetwork=SubNetwork1,MeContext=meContext01,ManagedElement=1,ENodeBFunction=105,EUtranCellFDD=eutranCellFdd221",2,0.0,True,,
160,"SubNetwork=RootNetwork1,SubNetwork=SubNetwork1,MeContext=meContext01,ManagedElement=1,ENodeBFunction=105,EUtranCellFDD=eutranCellFdd160",827,"SubNetwork=RootNetwork1,SubNetwork=SubNetwork1,MeContext=meContext01,ManagedElement=1,ENodeBFunction=90,EUtranCellFDD=eutranCellFdd827",3,960.82,False,8.2,1.7
160,"SubNetwork=RootNetwork1,SubNetwork=SubNetwork1,MeContext=meContext01,ManagedElement=1,ENodeBFunction=105,EUtranCellFDD=eutranCellFdd160",45,"SubNetwork=RootNetwork1,SubNetwork=SubNetwork1,MeContext=meContext01,ManagedElement=1,ENodeBFunction=90,EUtranCellFDD=eutranCellFdd045",4,960.82,False,8.2,1.7
160,"SubNetwork=RootNetwork1,SubNetwork=SubNetwork1,MeContext=meContext01,ManagedElement=1,ENodeBFunction=105,EUtranCellFDD=eutranCellFdd160",748,"SubNetwork=RootNetwork1,SubNetwork=SubNetwork1,MeContext=meContext01,ManagedElement=1,ENodeBFunction=90,EUtranCellFDD=eutranCellFdd748",5,960.82,False,8.2,1.7
160,"SubNetwork=RootNetwork1,SubNetwork=SubNetwork1,MeContext=meContext01,ManagedElement=1,ENodeBFunction=105,EUtranCellFDD=eutranCellFdd160",719,"SubNetwork=RootNetwork1,SubNetwork=SubNetwork1,MeContext=meContext01,ManagedElement=1,ENodeBFunction=282,EUtranCellFDD=eutranCellFdd719",6,1170.92,False,193.3,173.2
160,"SubNetwork=RootNetwork1,SubNetwork=SubNetwork1,MeContext=meContext01,ManagedElement=1,ENodeBFunction=105,EUtranCellFDD=eutranCellFdd160",559,"SubNetwork=RootNetwork1,SubNetwork=SubNetwork1,MeContext=meContext01,ManagedElement=1,ENodeBFunction=282,EUtranCellFDD=eutranCellFdd559",7,1170.92,False,193.3,173.2
160,"SubNetwork=RootNetwork1,SubNetwork=SubNetwork1,MeContext=meContext01,ManagedElement=1,ENodeBFunction=105,EUtranCellFDD=eutranCellFdd160",430,"SubNetwork=RootNetwork1,SubNetwork=SubNetwork1,MeContext=meContext01,ManagedElement=1,ENodeBFunction=282,EUtranCellFDD=eutranCellFdd430",8,1170.92,False,193.3,173.2
221,"SubNetwork=RootNetwork1,SubNetwork=SubNetwork1,MeContext=meContext01,ManagedElement=1,ENodeBFunction=105,EUtranCellFDD=eutranCellFdd221",349,"SubNetwork=RootNetwork1,SubNetwork=SubNetwork1,MeContext=meContext01,ManagedElement=1,ENodeBFunction=105,EUtranCellFDD=eutranCellFdd349",1,0.0,True,,
221,"SubNetwork=RootNetwork1,SubNetwork=SubNetwork1,MeContext=meContext01,ManagedElement=1,ENodeBFunction=105,EUtranCellFDD=eutranCellFdd221",160,"SubNetwork=RootNetwork1,SubNetwork=SubNetwork1,MeContext=meContext01,ManagedElement=1,ENodeBFunction=105,EUtranCellFDD=eutranCellFdd160",2,0.0,True,,
221,"SubNetwork=RootNetwork1,SubNetwork=SubNetwork1,MeContext=meContext01,ManagedElement=1,ENodeBFunction=105,EUtranCellFDD=eutranCellFdd221",827,"SubNetwork=RootNetwork1,SubNetwork=SubNetwork1,MeContext=meContext01,ManagedElement=1,ENodeBFunction=90,EUtranCellFDD=eutranCellFdd827",3,960.82,False,8.2,118.3
221,"SubNetwork=RootNetwork1,SubNetwork=SubNetwork1,MeContext=meContext01,ManagedElement=1,ENodeBFunction=105,EUtranCellFDD=eutranCellFdd221",45,"SubNetwork=RootNetwork1,SubNetwork=SubNetwork1,MeContext=meContext01,ManagedElement=1,ENodeBFunction=90,EUtranCellFDD=eutranCellFdd045",4,960.82,False,8.2,118.3
221,"SubNetwork=RootNetwork1,SubNetwork=SubNetwork1,MeContext=meContext01,ManagedElement=1,ENodeBFunction=105,EUtranCellFDD=eutranCellFdd221",748,"SubNetwork=RootNetwork1,SubNetwork=SubNetwork1,MeContext=meContext01,ManagedElement=1,ENodeBFunction=90,EUtranCellFDD=eutranCellFdd748",5,960.82,False,8.2,118.3
221,"SubNetwork=RootNetwork1,SubNetwork=SubNetwork1,MeContext=meContext01,ManagedElement=1,ENodeBFunction=105,EUtranCellFDD=eutranCellFdd221",719,"SubNetwork=RootNetwork1,SubNetwork=SubNetwork1,MeContext=meContext01,ManagedElement=1,ENodeBFunction=282,EUtranCellFDD=eutranCellFdd719",6,1170.92,False,193.3,66.8
221,"SubNetwork=RootNetwork1,SubNetwork=SubNetwork1,MeContext=meContext01,ManagedElement=1,ENodeBFunction=105,EUtranCellFDD=eutranCellFdd221",559,"SubNetwork=RootNetwork1,SubNetwork=SubNetwork1,MeContext=meContext01,ManagedElement=1,ENodeBFunction=282,EUtranCellFDD=eutranCellFdd559",7,1170.92,False,193.3,66.8
221,"SubNetwork=RootNetwork1,SubNetwork=SubNetwork1,MeContext=meContext01,ManagedElement=1,ENodeBFunction=105,EUtranCellFDD=eutranCellFdd221",430,"SubNetwork=RootNetwork1,SubNetwork=SubNetwork1,MeContext=meContext01,ManagedElement=1,ENodeBFunction=282,EUtranCellFDD=eutranCellFdd430",8,1170.92,False,193.3,66.8
981,"SubNetwork=RootNetwork1,SubNetwork=SubNetwork1,MeContext=meContext01,ManagedElement=1,ENodeBFunction=693,EUtranCellFDD=eutranCellFdd981",782,"SubNetwork=RootNetwork1,SubNetwork=SubNetwork1,MeContext=meContext01,ManagedElement=1,ENodeBFunction=693,EUtranCellFDD=eutranCellFdd782",1,0.0,True,,
981,"SubNetwork=RootNetwork1,SubNetwork=SubNetwork1,MeContext=meContext01,ManagedElement=1,ENodeBFunction=693,EUtranCellFDD=eutranCellFdd981",345,"SubNetwork=RootNetwork1,SubNetwork=SubNetwork1,MeContext=meContext01,ManagedElement=1,ENodeBFunction=693,EUtranCellFDD=eutranCellFdd345",2,0.0,True,,
981,"SubNetwork=RootNetwork1,SubNetwork=SubNetwork1,MeContext=meContext01,ManagedElement=1,ENodeBFunction=693,EUtranCellFDD=eutranCellFdd981",105,"SubNetwork=RootNetwork1,SubNetwork=SubNetwork1,MeContext=meContext01,ManagedElement=1,ENodeBFunction=759,EUtranCellFDD=eutranCellFdd105",3,637.65,False,111.2,28.7
981,"SubNetwork=RootNetwork1,SubNetwork=SubNetwork1,MeContext=meContext01,ManagedElement=1,ENodeBFunction=693,EUtranCellFDD=eutranCellFdd981",95,"SubNetwork=RootNetwork1,SubNetwork=SubNetwork1,MeContext=meContext01,ManagedElement=1,ENodeBFunction=759,EUtranCellFDD=eutranCellFdd095",4,637.65,False,111.2,28.7
981,"SubNetwork=RootNetwork1,SubNetwork=SubNetwork1,MeContext=meContext01,ManagedElement=1,ENodeBFunction=693,EUtranCellFDD=eutranCellFdd981",390,"SubNetwork=RootNetwork1,SubNetwork=SubNetwork1,MeContext=meContext01,ManagedElement=1,ENodeBFunction=759,EUtranCellFDD=eutranCellFdd390",5,637.65,False,111.2,28.7
981,"SubNetwork=RootNetwork1,SubNetwork=SubNetwork1,MeContext=meContext01,ManagedElement=1,ENodeBFunction=693,EUtranCellFDD=eutranCellFdd981",471,"SubNetwork=RootNetwork1,SubNetwork=SubNetwork1,MeContext=meContext01,ManagedElement=1,ENodeBFunction=605,EUtranCellFDD=eutranCellFdd471",6,941.14,False,341.5,101.0
981,"SubNetwork=RootNetwork1,SubNetwork=SubNetwork1,MeContext=meContext01,ManagedElement=1,ENodeBFunction=693,EUtranCellFDD=eutranCellFdd981",550,"SubNetwork=RootNetwork1,SubNetwork=SubNetwork1,MeContext=meContext01,ManagedElement=1,ENodeBFunction=605,EUtranCellFDD=eutranCellFdd550",7,941.14,False,341.5,101.0
981,"SubNetwork=RootNetwork1,SubNetwork=SubNetwork1,MeContext=meContext01,ManagedElement=1,ENodeBFunction=693,EUtranCellFDD=eutranCellFdd981",128,"SubNetwork=RootNetwork1,SubNetwork=SubNetwork1,MeContext=meContext01,ManagedElement=1,ENodeBFunction=605,EUtranCellFDD=eutranCellFdd128",8,941.14,False,341.5,101.0
782,"SubNetwork=RootNetwork1,SubNetwork=SubNetwork1,MeContext=meContext01,ManagedElement=1,ENodeBFunction=693,EUtranCellFDD=eutranCellFdd782",981,"SubNetwork=RootNetwork1,SubNetwork=SubNetwork1,MeContext=meContext01,ManagedElement=1,ENodeBFunction=693,EUtranCellFDD=eutranCellFdd981",1,0.0,True,,
782,"SubNetwork=RootNetwork1,SubNetwork=SubNetwork1,MeContext=meContext01,ManagedElement=1,ENodeBFunction=693,EUtranCellFDD=eutranCellFdd782",345,"SubNetwork=RootNetwork1,SubNetwork=SubNetwork1,MeContext=meContext01,ManagedElement=1,ENodeBFunction=693,EUtranCellFDD=eutranCellFdd345",2,0.0,True,,
782,"SubNetwork=RootNetwork1,SubNetwork=SubNetwork1,MeContext=meContext01,ManagedElement=1,ENodeBFunction=693,EUtranCellFDD=eutranCellFdd782",105,"SubNetwork=RootNetwork1,SubNetwork=SubNetwork1,MeContext=meContext01,ManagedElement=1,ENodeBFunction=759,EUtranCellFDD=eutranCellFdd105",3,637.65,False,111.2,91.3
782,"SubNetwork=RootNetwork1,SubNetwork=SubNetwork1,MeContext=meContext01,ManagedElement=1,ENodeBFunction=693,EUtranCellFDD=eutranCellFdd782",95,"SubNetwork=RootNetwork1,SubNetwork=SubNetwork1,MeContext=meContext01,ManagedElement=1,ENodeBFunction=759,EUtranCellFDD=eutranCellFdd095",4,637.65,False,111.2,91.3
782,"SubNetwork=RootNetwork1,SubNetwork=SubNetwork1,MeContext=meContext01,ManagedElement=1,ENodeBFunction=693,EUtranCellFDD=eutranCellFdd782",390,"SubNetwork=RootNetwork1,SubNetwork=SubNetwork1,MeContext=meContext01,ManagedElement=1,ENodeBFunction=759,EUtranCellFDD=eutranCellFdd390",5,637.65,False,111.2,91.3
782,"SubNetwork=RootNetwork1,SubNetwork=SubNetwork1,MeContext=meContext01,ManagedElement=1,ENodeBFunction=693,EUtranCellFDD=eutranCellFdd782",471,"SubNetwork=RootNetwork1,SubNetwork=SubNetwork1,MeContext=meContext01,ManagedElement=1,ENodeBFunction=605,EUtranCellFDD=eutranCellFdd471",6,941.14,False,341.5,139.0
782,"SubNetwork=RootNetwork1,SubNetwork=SubNetwork1,MeContext=meContext01,ManagedElement=1,ENodeBFunction=693,EUtranCellFDD=eutranCellFdd782",550,"SubNetwork=RootNetwork1,SubNetwork=SubNetwork1,MeContext=meContext01,ManagedElement=1,ENodeBFunction=605,EUtranCellFDD=eutranCellFdd550",7,941.14,False,341.5,139.0
782,"SubNetwork=RootNetwork1,SubNetwork=SubNetwork1,MeContext=meContext01,ManagedElement=1,ENodeBFunction=693,EUtranCellFDD=eutranCellFdd782",128,"SubNetwork=RootNetwork1,SubNetwork=SubNetwork1,MeContext=meContext01,ManagedElement=1,ENodeBFunction=605,EUtranCellFDD=eutranCellFdd128",8,941.14,False,341.5,139.0
345,"SubNetwork=RootNetwork1,SubNetwork=SubNetwork1,MeContext=meContext01,ManagedElement=1,ENodeBFunction=693,EUtranCellFDD=eutranCellFdd345",981,"SubNetwork=RootNetwork1,SubNetwork=SubNetwork1,MeContext=meContext01,ManagedElement=1,ENodeBFunction=693,EUtranCellFDD=eutranCellFdd981",1,0.0,True,,
345,"SubNetwork=RootNetwork1,SubNetwork=SubNetwork1,MeContext=meContext01,ManagedElement=1,ENodeBFunction=693,EUtranCellFDD=eutranCellFdd345",782,"SubNetwork=RootNetwork1,SubNetwork=SubNetwork1,MeContext=meContext01,ManagedElement=1,ENodeBFunction=693,EUtranCellFDD=eutranCellFdd782",2,0.0,True,,
345,"SubNetwork=RootNetwork1,SubNetwork=SubNetwork1,MeContext=meContext01,ManagedElement=1,ENodeBFunction=693,EUtranCellFDD=eutranCellFdd345",105,"SubNetwork=RootNetwork1,SubNetwork=SubNetwork1,MeContext=meContext01,ManagedElement=1,ENodeBFunction=759,EUtranCellFDD=eutranCellFdd105",3,637.65,False,111.2,148.7
345,"SubNetwork=RootNetwork1,SubNetwork=SubNetwork1,MeContext=meContext01,ManagedElement=1,ENodeBFunction=693,EUtranCellFDD=eutranCellFdd345",95,"SubNetwork=RootNetwork1,SubNetwork=SubNetwork1,MeContext=meContext01,ManagedElement=1,ENodeBFunction=759,EUtranCellFDD=eutranCellFdd095",4,637.65,False,111.2,148.7
345,"SubNetwork=RootNetwork1,SubNetwork=SubNetwork1,MeContext=meContext01,ManagedElement=1,ENodeBFunction=693,EUtranCellFDD=eutranCellFdd345",390,"SubNetwork=RootNetwork1,SubNetwork=SubNetwork1,MeContext=meContext01,ManagedElement=1,ENodeBFunction=759,EUtranCellFDD=eutranCellFdd390",5,637.65,False,111.2,148.7
345,"SubNetwork=RootNetwork1,SubNetwork=SubNetwork1,MeContext=meContext01,ManagedElement=1,ENodeBFunction=693,EUtranCellFDD=eutranCellFdd345",471,"SubNetwork=RootNetwork1,SubNetwork=SubNetwork1,MeContext=meContext01,ManagedElement=1,ENodeBFunction=605,EUtranCellFDD=eutranCellFdd471",6,941.14,False,341.5,19.0
345,"SubNetwork=RootNetwork1,SubNetwork=SubNetwork1,MeContext=meContext01,ManagedElement=1,ENodeBFunction=693,EUtranCellFDD=eutranCellFdd345",550,"SubNetwork=RootNetwork1,SubNetwork=SubNetwork1,MeContext=meContext01,ManagedElement=1,ENodeBFunction=605,EUtranCellFDD=eutranCellFdd550",7,941.14,False,341.5,19.0
345,"SubNetwork=RootNetwork1,SubNetwork=SubNetwork1,MeContext=meContext01,ManagedElement=1,ENodeBFunction=693,EUtranCellFDD=eutranCellFdd345",128,"SubNetwork=RootNetwork1,SubNetwork=SubNetwork1,MeContext=meContext01,ManagedElement=1,ENodeBFunction=605,EUtranCellFDD=eutranCellFdd128",8,941.14,False,341.5,19.0
105,"SubNetwork=RootNetwork1,SubNetwork=SubNetwork1,MeContext=meContext01,ManagedElement=1,ENodeBFunction=759,EUtranCellFDD=eutranCellFdd105",95,"SubNetwork=RootNetwork1,SubNetwork=SubNetwork1,MeContext=meContext01,ManagedElement=1,ENodeBFunction=759,EUtranCellFDD=eutranCellFdd095",1,0.0,True,,
105,"SubNetwork=RootNetwork1,SubNetwork=SubNetwork1,MeContext=meContext01,ManagedElement=1,ENodeBFunction=759,EUtranCellFDD=eutranCellFdd105",390,"SubNetwork=RootNetwork1,SubNetwork=SubNetwork1,MeContext=meContext01,ManagedElement=1,ENodeBFunction=759,EUtranCellFDD=eutranCellFdd390",2,0.0,True,,
105,"SubNetwork=RootNetwork1,SubNetwork=SubNetwork1,MeContext=meContext01,ManagedElement=1,ENodeBFunction=759,EUtranCellFDD=eutranCellFdd105",981,"SubNetwork=RootNetwork1,SubNetwork=SubNetwork1,MeContext=meContext01,ManagedElement=1,ENodeBFunction=693,EUtranCellFDD=eutranCellFdd981",3,637.65,False,291.2,165.2
105,"SubNetwork=RootNetwork1,SubNetwork=SubNetwork1,MeContext=meContext01,ManagedElement=1,ENodeBFunction=759,EUtranCellFDD=eutranCellFdd105",782,"SubNetwork=RootNetwork1,SubNetwork=SubNetwork1,MeContext=meContext01,ManagedElement=1,ENodeBFunction=693,EUtranCellFDD=eutranCellFdd782",4,637.65,False,291.2,165.2
105,"SubNetwork=RootNetwork1,SubNetwork=SubNetwork1,MeContext=meContext01,ManagedElement=1,ENodeBFunction=759,EUtranCellFDD=eutranCellFdd105",345,"SubNetwork=RootNetwork1,SubNetwork=SubNetwork1,MeContext=meContext01,ManagedElement=1,ENodeBFunction=693,EUtranCellFDD=eutranCellFdd345",5,637.65,False,291.2,165.2
105,"SubNetwork=RootNetwork1,SubNetwork=SubNetwork1,MeContext=meContext01,ManagedElement=1,ENodeBFunction=759,EUtranCellFDD=eutranCellFdd105",285,"SubNetwork=RootNetwork1,SubNetwork=SubNetwork1,MeContext=meContext01,ManagedElement=1,ENodeBFunction=229,EUtranCellFDD=eutranCellFdd285",6,699.33,False,170.3,73.9
105,"SubNetwork=RootNetwork1,SubNetwork=SubNetwork1,MeContext=meContext01,ManagedElement=1,ENodeBFunction=759,EUtranCellFDD=eutranCellFdd105",829,"SubNetwork=RootNetwork1,SubNetwork=SubNetwork1,MeContext=meContext01,ManagedElement=1,ENodeBFunction=229,EUtranCellFDD=eutranCellFdd829",7,699.33,False,170.3,73.9
105,"SubNetwork=RootNetwork1,SubNetwork=SubNetwork1,MeContext=meContext01,ManagedElement=1,ENodeBFunction=759,EUtranCellFDD=eutranCellFdd105",891,"SubNetwork=RootNetwork1,SubNetwork=SubNetwork1,MeContext=meContext01,ManagedElement=1,ENodeBFunction=229,EUtranCellFDD=eutranCellFdd891",8,699.33,False,170.3,73.9
95,"SubNetwork=RootNetwork1,SubNetwork=SubNetwork1,MeContext=meContext01,ManagedElement=1,ENodeBFunction=759,EUtranCellFDD=eutranCellFdd095",105,"SubNetwork=RootNetwork1,SubNetwork=SubNetwork1,MeContext=meContext01,ManagedElement=1,ENodeBFunction=759,EUtranCellFDD=eutranCellFdd105",1,0.0,True,,
95,"SubNetwork=RootNetwork1,SubNetwork=SubNetwork1,MeContext=meContext01,ManagedElement=1,ENodeBFunction=759,EUtranCellFDD=eutranCellFdd095",390,"SubNetwork=RootNetwork1,SubNetwork=SubNetwork1,MeContext=meContext01,ManagedElement=1,ENodeBFunction=759,EUtranCellFDD=eutranCellFdd390",2,0.0,True,,
95,"SubNetwork=RootNetwork1,SubNetwork=SubNetwork1,MeContext=meContext01,ManagedElement=1,ENodeBFunction=759,EUtranCellFDD=eutranCellFdd095",981,"SubNetwork=RootNetwork1,SubNetwork=SubNetwork1,MeContext=meContext01,ManagedElement=1,ENodeBFunction=693,EUtranCellFDD=eutranCellFdd981",3,637.65,False,291.2,74.8
95,"SubNetwork=RootNetwork1,SubNetwork=SubNetwork1,MeContext=meContext01,ManagedElement=1,ENodeBFunction=759,EUtranCellFDD=eutranCellFdd095",782,"SubNetwork=RootNetwork1,SubNetwork=SubNetwork1,MeContext=meContext01,ManagedElement=1,ENodeBFunction=693,EUtranCellFDD=eutranCellFdd782",4,637.65,False,291.2,74.8
95,"SubNetwork=RootNetwork1,SubNetwork=SubNetwork1,MeContext=meContext01,ManagedElement=1,ENodeBFunction=759,EUtranCellFDD=eutranCellFdd095",345,"SubNetwork=RootNetwork1,SubNetwork=SubNetwork1,MeContext=meContext01,ManagedElement=1,ENodeBFunction=693,EUtranCellFDD=eutranCellFdd345",5,637.65,False,291.2,74.8
95,"SubNetwork=RootNetwork1,SubNetwork=SubNetwork1,MeContext=meContext01,ManagedElement=1,ENodeBFunction=759,EUtranCellFDD=eutranCellFdd095",285,"SubNetwork=RootNetwork1,SubNetwork=SubNetwork1,MeContext=meContext01,ManagedElement=1,ENodeBFunction=229,EUtranCellFDD=eutranCellFdd285",6,699.33,False,170.3,46.1
95,"SubNetwork=RootNetwork1,SubNetwork=SubNetwork1,MeContext=meContext01,ManagedElement=1,ENodeBFunction=759,EUtranCellFDD=eutranCellFdd095",829,"SubNetwork=RootNetwork1,SubNetwork=SubNetwork1,MeContext=meContext01,ManagedElement=1,ENodeBFunction=229,EUtranCellFDD=eutranCellFdd829",7,699.33,False,170.3,46.1
95,"SubNetwork=RootNetwork1,SubNetwork=SubNetwork1,MeContext=meContext01,ManagedElement=1,ENodeBFunction=759,EUtranCellFDD=eutranCellFdd095",891,"SubNetwork=RootNetwork1,SubNetwork=SubNetwork1,MeContext=meContext01,ManagedElement=1,ENodeBFunction=229,EUtranCellFDD=eutranCellFdd891",8,699.33,False,170.3,46.1
390,"SubNetwork=RootNetwork1,SubNetwork=SubNetwork1,MeContext=meContext01,ManagedElement=1,ENodeBFunction=759,EUtranCellFDD=eutranCellFdd390",105,"SubNetwork=RootNetwork1,SubNetwork=SubNetwork1,MeContext=meContext01,ManagedElement=1,ENodeBFunction=759,EUtranCellFDD=eutranCellFdd105",1,0.0,True,,
390,"SubNetwork=RootNetwork1,SubNetwork=SubNetwork1,MeContext=meContext01,ManagedElement=1,ENodeBFunction=759,EUtranCellFDD=eutranCellFdd390",95,"SubNetwork=RootNetwork1,SubNetwork=SubNetwork1,MeContext=meContext01,ManagedElement=1,ENodeBFunction=759,EUtranCellFDD=eutranCellFdd095",2,0.0,True,,
390,"SubNetwork=RootNetwork1,SubNetwork=SubNetwork1,MeContext=meContext01,ManagedElement=1,ENodeBFunction=759,EUtranCellFDD=eutranCellFdd390",981,"SubNetwork=RootNetwork1,SubNetwork=SubNetwork1,MeContext=meContext01,ManagedElement=1,ENodeBFunction=693,EUtranCellFDD=eutranCellFdd981",3,637.65,False,291.2,45.2
390,"SubNetwork=RootNetwork1,SubNetwork=SubNetwork1,MeContext=meContext01,ManagedElement=1,ENodeBFunction=759,EUtranCellFDD=eutranCellFdd390",782,"SubNetwork=RootNetwork1,SubNetwork=SubNetwork1,MeContext=meContext01,ManagedElement=1,ENodeBFunction=693,EUtranCellFDD=eutranCellFdd782",4,637.65,False,291.2,45.2
390,"SubNetwork=RootNetwork1,SubNetwork=SubNetwork1,MeContext=meContext01,ManagedElement=1,ENodeBFunction=759,EUtranCellFDD=eutranCellFdd390",345,"SubNetwork=RootNetwork1,SubNetwork=SubNetwork1,MeContext=meContext01,ManagedElement=1,ENodeBFunction=693,EUtranCellFDD=eutranCellFdd345",5,637.65,False,291.2,45.2
390,"SubNetwork=RootNetwork1,SubNetwork=SubNetwork1,MeContext=meContext01,ManagedElement=1,ENodeBFunction=759,EUtranCellFDD=eutranCellFdd390",285,"SubNetwork=RootNetwork1,SubNetwork=SubNetwork1,MeContext=meContext01,ManagedElement=1,ENodeBFunction=229,EUtranCellFDD=eutranCellFdd285",6,699.33,False,170.3,166.1
390,"SubNetwork=RootNetwork1,SubNetwork=SubNetwork1,MeContext=meContext01,ManagedElement=1,ENodeBFunction=759,EUtranCellFDD=eutranCellFdd390",829,"SubNetwork=RootNetwork1,SubNetwork=SubNetwork1,MeContext=meContext01,ManagedElement=1,ENodeBFunction=229,EUtranCellFDD=eutranCellFdd829",7,699.33,False,170.3,166.1
390,"SubNetwork=RootNetwork1,SubNetwork=SubNetwork1,MeContext=meContext01,ManagedElement=1,ENodeBFunction=759,EUtranCellFDD=eutranCellFdd390",891,"SubNetwork=RootNetwork1,SubNetwork=SubNetwork1,MeContext=meContext01,ManagedElement=1,ENodeBFunction=229,EUtranCellFDD=eutranCellFdd891",8,699.33,False,170.3,166.1
100,"SubNetwork=RootNetwork1,SubNetwork=SubNetwork1,MeContext=meContext01,ManagedElement=1,ENodeBFunction=914,EUtranCellFDD=eutranCellFdd100",368,"SubNetwork=RootNetwork1,SubNetwork=SubNetwork1,MeContext=meContext01,ManagedElement=1,ENodeBFunction=914,EUtranCellFDD=eutranCellFdd368",1,0.0,True,,
100,"SubNetwork=RootNetwork1,SubNetwork=SubNetwork1,MeContext=meContext01,ManagedElement=1,ENodeBFunction=914,EUtranCellFDD=eutranCellFdd100",868,"SubNetwork=RootNetwork1,SubNetwork=SubNetwork1,MeContext=meContext01,ManagedElement=1,ENodeBFunction=914,EUtranCellFDD=eutranCellFdd868",2,0.0,True,,
100,"SubNetwork=RootNetwork1,SubNetwork=SubNetwork1,MeContext=meContext01,ManagedElement=1,ENodeBFunction=914,EUtranCellFDD=eutranCellFdd100",353,"SubNetwork=RootNetwork1,SubNetwork=SubNetwork1,MeContext=meContext01,ManagedElement=1,ENodeBFunction=559,EUtranCellFDD=eutranCellFdd353",3,1061.62,False,97.8,142.3
100,"SubNetwork=RootNetwork1,SubNetwork=SubNetwork1,MeContext=meContext01,ManagedElement=1,ENodeBFunction=914,EUtranCellFDD=eutranCellFdd100",619,"SubNetwork=RootNetwork1,SubNetwork=SubNetwork1,MeContext=meContext01,ManagedElement=1,ENodeBFunction=559,EUtranCellFDD=eutranCellFdd619",4,1061.62,False,97.8,142.3
100,"SubNetwork=RootNetwork1,SubNetwork=SubNetwork1,MeContext=meContext01,ManagedElement=1,ENodeBFunction=914,EUtranCellFDD=eutranCellFdd100",271,"SubNetwork=RootNetwork1,SubNetwork=SubNetwork1,MeContext=meContext01,ManagedElement=1,ENodeBFunction=559,EUtranCellFDD=eutranCellFdd271",5,1061.62,False,97.8,142.3
100,"SubNetwork=RootNetwork1,SubNetwork=SubNetwork1,MeContext=meContext01,ManagedElement=1,ENodeBFunction=914,EUtranCellFDD=eutranCellFdd100",105,"SubNetwork=RootNetwork1,SubNetwork=SubNetwork1,MeContext=meContext01,ManagedElement=1,ENodeBFunction=759,EUtranCellFDD=eutranCellFdd105",6,1133.71,False,253.9,61.6
100,"SubNetwork=RootNetwork1,SubNetwork=SubNetwork1,MeContext=meContext01,ManagedElement=1,ENodeBFunction=914,EUtranCellFDD=eutranCellFdd100",95,"SubNetwork=RootNetwork1,SubNetwork=SubNetwork1,MeContext=meContext01,ManagedElement=1,ENodeBFunction=759,EUtranCellFDD=eutranCellFdd095",7,1133.71,False,253.9,61.6
100,"SubNetwork=RootNetwork1,SubNetwork=SubNetwork1,MeContext=meContext01,ManagedElement=1,ENodeBFunction=914,EUtranCellFDD=eutranCellFdd100",390,"SubNetwork=RootNetwork1,SubNetwork=SubNetwork1,MeContext=meContext01,ManagedElement=1,ENodeBFunction=759,EUtranCellFDD=eutranCellFdd390",8,1133.71,False,253.9,61.6
368,"SubNetwork=RootNetwork1,SubNetwork=SubNetwork1,MeContext=meContext01,ManagedElement=1,ENodeBFunction=914,EUtranCellFDD=eutranCellFdd368",100,"SubNetwork=RootNetwork1,SubNetwork=SubNetwork1,MeContext=meContext01,ManagedElement=1,ENodeBFunction=914,EUtranCellFDD=eutranCellFdd100",1,0.0,True,,
368,"SubNetwork=RootNetwork1,SubNetwork=SubNetwork1,MeContext=meContext01,ManagedElement=1,ENodeBFunction=914,EUtranCellFDD=eutranCellFdd368",868,"SubNetwork=RootNetwork1,SubNetwork=SubNetwork1,MeContext=meContext01,ManagedElement=1,ENodeBFunction=914,EUtranCellFDD=eutranCellFdd868",2,0.0,True,,
368,"SubNetwork=RootNetwork1,SubNetwork=SubNetwork1,MeContext=meContext01,ManagedElement=1,ENodeBFunction=914,EUtranCellFDD=eutranCellFdd368",353,"SubNetwork=RootNetwork1,SubNetwork=SubNetwork1,MeContext=meContext01,ManagedElement=1,ENodeBFunction=559,EUtranCellFDD=eutranCellFdd353",3,1061.62,False,97.8,22.3
368,"SubNetwork=RootNetwork1,SubNetwork=SubNetwork1,MeContext=meContext01,ManagedElement=1,ENodeBFunction=914,EUtranCellFDD=eutranCellFdd368",619,"SubNetwork=RootNetwork1,SubNetwork=SubNetwork1,MeContext=meContext01,ManagedElement=1,ENodeBFunction=559,EUtranCellFDD=eutranCellFdd619",4,1061.62,False,97.8,22.3
368,"SubNetwork=RootNetwork1,SubNetwork=SubNetwork1,MeContext=meContext01,ManagedElement=1,ENodeBFunction=914,EUtranCellFDD=eutranCellFdd368",271,"SubNetwork=RootNetwork1,SubNetwork=SubNetwork1,MeContext=meContext01,ManagedElement=1,ENodeBFunction=559,EUtranCellFDD=eutranCellFdd271",5,1061.62,False,97.8,22.3
368,"SubNetwork=RootNetwork1,SubNetwork=SubNetwork1,MeContext=meContext01,ManagedElement=1,ENodeBFunction=914,EUtranCellFDD=eutranCellFdd368",105,"SubNetwork=RootNetwork1,SubNetwork=SubNetwork1,MeContext=meContext01,ManagedElement=1,ENodeBFunction=759,EUtranCellFDD=eutranCellFdd105",6,1133.71,False,253.9,178.4
368,"SubNetwork=RootNetwork1,SubNetwork=SubNetwork1,MeContext=meContext01,ManagedElement=1,ENodeBFunction=914,EUtranCellFDD=eutranCellFdd368",95,"SubNetwork=RootNetwork1,SubNetwork=SubNetwork1,MeContext=meContext01,ManagedElement=1,ENodeBFunction=759,EUtranCellFDD=eutranCellFdd095",7,1133.71,False,253.9,178.4
368,"SubNetwork=RootNetwork1,SubNetwork=SubNetwork1,MeContext=meContext01,ManagedElement=1,ENodeBFunction=914,EUtranCellFDD=eutranCellFdd368",390,"SubNetwork=RootNetwork1,SubNetwork=SubNetwork1,MeContext=meContext01,ManagedElement=1,ENodeBFunction=759,EUtranCellFDD=eutranCellFdd390",8,1133.71,False,253.9,178.4
868,"SubNetwork=RootNetwork1,SubNetwork=SubNetwork1,MeContext=meContext01,ManagedElement=1,ENodeBFunction=914,EUtranCellFDD=eutranCellFdd868",100,"SubNetwork=RootNetwork1,SubNetwork=SubNetwork1,MeContext=meContext01,ManagedElement=1,ENodeBFunction=914,EUtranCellFDD=eutranCellFdd100",1,0.0,True,,
868,"SubNetwork=RootNetwork1,SubNetwork=SubNetwork1,MeContext=meContext01,ManagedElement=1,ENodeBFunction=914,EUtranCellFDD=eutranCellFdd868",368,"SubNetwork=RootNetwork1,SubNetwork=SubNetwork1,MeContext=meContext01,ManagedElement=1,ENodeBFunction=914,EUtranCellFDD=eutranCellFdd368",2,0.0,True,,
868,"SubNetwork=RootNetwork1,SubNetwork=SubNetwork1,MeContext=meContext01,ManagedElement=1,ENodeBFunction=914,EUtranCellFDD=eutranCellFdd868",353,"SubNetwork=RootNetwork1,SubNetwork=SubNetwork1,MeContext=meContext01,ManagedElement=1,ENodeBFunction=559,EUtranCellFDD=eutranCellFdd353",3,1061.62,False,97.8,97.7
868,"SubNetwork=RootNetwork1,SubNetwork=SubNetwork1,MeContext=meContext01,ManagedElement=1,ENodeBFunction=914,EUtranCellFDD=eutranCellFdd868",619,"SubNetwork=RootNetwork1,SubNetwork=SubNetwork1,MeContext=meContext01,ManagedElement=1,ENodeBFunction=559,EUtranCellFDD=eutranCellFdd619",4,1061.62,False,97.8,97.7
868,"SubNetwork=RootNetwork1,SubNetwork=SubNetwork1,MeContext=meContext01,ManagedElement=1,ENodeBFunction=914,EUtranCellFDD=eutranCellFdd868",271,"SubNetwork=RootNetwork1,SubNetwork=SubNetwork1,MeContext=meContext01,ManagedElement=1,ENodeBFunction=559,EUtranCellFDD=eutranCellFdd271",5,1061.62,False,97.8,97.7
868,"SubNetwork=RootNetwork1,SubNetwork=SubNetwork1,MeContext=meContext01,ManagedElement=1,ENodeBFunction=914,EUtranCellFDD=eutranCellFdd868",105,"SubNetwork=RootNetwork1,SubNetwork=SubNetwork1,MeContext=meContext01,ManagedElement=1,ENodeBFunction=759,EUtranCellFDD=eutranCellFdd105",6,1133.71,False,253.9,58.4
868,"SubNetwork=RootNetwork1,SubNetwork=SubNetwork1,MeContext=meContext01,ManagedElement=1,ENodeBFunction=914,EUtranCellFDD=eutranCellFdd868",95,"SubNetwork=RootNetwork1,SubNetwork=SubNetwork1,MeContext=meContext01,ManagedElement=1,ENodeBFunction=759,EUtranCellFDD=eutranCellFdd095",7,1133.71,False,253.9,58.4
868,"SubNetwork=RootNetwork1,SubNetwork=SubNetwork1,MeContext=meContext01,ManagedElement=1,ENodeBFunction=914,EUtranCellFDD=eutranCellFdd868",390,"SubNetwork=RootNetwork1,SubNetwork=SubNetwork1,MeContext=meContext01,ManagedElement=1,ENodeBFunction=759,EUtranCellFDD=eutranCellFdd390",8,1133.71,False,253.9,58.4
353,"SubNetwork=RootNetwork1,SubNetwork=SubNetwork1,MeContext=meContext01,ManagedElement=1,ENodeBFunction=559,EUtranCellFDD=eutranCellFdd353",619,"SubNetwork=RootNetwork1,SubNetwork=SubNetwork1,MeContext=meContext01,ManagedElement=1,ENodeBFunction=559,EUtranCellFDD=eutranCellFdd619",1,0.0,True,,
353,"SubNetwork=RootNetwork1,SubNetwork=SubNetwork1,MeContext=meContext01,ManagedElement=1,ENodeBFunction=559,EUtranCellFDD=eutranCellFdd353",271,"SubNetwork=RootNetwork1,SubNetwork=SubNetwork1,MeContext=meContext01,ManagedElement=1,ENodeBFunction=559,EUtranCellFDD=eutranCellFdd271",2,0.0,True,,
353,"SubNetwork=RootNetwork1,SubNetwork=SubNetwork1,MeContext=meContext01,ManagedElement=1,ENodeBFunction=559,EUtranCellFDD=eutranCellFdd353",100,"SubNetwork=RootNetwork1,SubNetwork=SubNetwork1,MeContext=meContext01,ManagedElement=1,ENodeBFunction=914,EUtranCellFDD=eutranCellFdd100",3,1061.62,False,277.8,135.4
353,"SubNetwork=RootNetwork1,SubNetwork=SubNetwork1,MeContext=meContext01,ManagedElement=1,ENodeBFunction=559,EUtranCellFDD=eutranCellFdd353",368,"SubNetwork=RootNetwork1,SubNetwork=SubNetwork1,MeContext=meContext01,ManagedElement=1,ENodeBFunction=914,EUtranCellFDD=eutranCellFdd368",4,1061.62,False,277.8,135.4
353,"SubNetwork=RootNetwork1,SubNetwork=SubNetwork1,MeContext=meContext01,ManagedElement=1,ENodeBFunction=559,EUtranCellFDD=eutranCellFdd353",868,"SubNetwork=RootNetwork1,SubNetwork=SubNetwork1,MeContext=meContext01,ManagedElement=1,ENodeBFunction=914,EUtranCellFDD=eutranCellFdd868",5,1061.62,False,277.8,135.4
353,"SubNetwork=RootNetwork1,SubNetwork=SubNetwork1,MeContext=meContext01,ManagedElement=1,ENodeBFunction=559,EUtranCellFDD=eutranCellFdd353",164,"SubNetwork=RootNetwork1,SubNetwork=SubNetwork1,MeContext=meContext01,ManagedElement=1,ENodeBFunction=755,EUtranCellFDD=eutranCellFdd164",6,1140.5,False,183.8,41.4
353,"SubNetwork=RootNetwork1,SubNetwork=SubNetwork1,MeContext=meContext01,ManagedElement=1,ENodeBFunction=559,EUtranCellFDD=eutranCellFdd353",715,"SubNetwork=RootNetwork1,SubNetwork=SubNetwork1,MeContext=meContext01,ManagedElement=1,ENodeBFunction=755,EUtranCellFDD=eutranCellFdd715",7,1140.5,False,183.8,41.4
353,"SubNetwork=RootNetwork1,SubNetwork=SubNetwork1,MeContext=meContext01,ManagedElement=1,ENodeBFunction=559,EUtranCellFDD=eutranCellFdd353",433,"SubNetwork=RootNetwork1,SubNetwork=SubNetwork1,MeContext=meContext01,ManagedElement=1,ENodeBFunction=755,EUtranCellFDD=eutranCellFdd433",8,1140.5,False,183.8,41.4
619,"SubNetwork=RootNetwork1,SubNetwork=SubNetwork1,MeContext=meContext01,ManagedElement=1,ENodeBFunction=559,EUtranCellFDD=eutranCellFdd619",353,"SubNetwork=RootNetwork1,SubNetwork=SubNetwork1,MeContext=meContext01,ManagedElement=1,ENodeBFunction=559,EUtranCellFDD=eutranCellFdd353",1,0.0,True,,
619,"SubNetwork=RootNetwork1,SubNetwork=SubNetwork1,MeContext=meContext01,ManagedElement=1,ENodeBFunction=559,EUtranCellFDD=eutranCellFdd619",271,"SubNetwork=RootNetwork1,SubNetwork=SubNetwork1,MeContext=meContext01,ManagedElement=1,ENodeBFunction=559,EUtranCellFDD=eutranCellFdd271",2,0.0,True,,
619,"SubNetwork=RootNetwork1,SubNetwork=SubNetwork1,MeContext=meContext01,ManagedElement=1,ENodeBFunction=559,EUtranCellFDD=eutranCellFdd619",100,"SubNetwork=RootNetwork1,SubNetwork=SubNetwork1,MeContext=meContext01,ManagedElement=1,ENodeBFunction=914,EUtranCellFDD=eutranCellFdd100",3,1061.62,False,277.8,15.4
619,"SubNetwork=RootNetwork1,SubNetwork=SubNetwork1,MeContext=meContext01,ManagedElement=1,ENodeBFunction=559,EUtranCellFDD=eutranCellFdd619",368,"SubNetwork=RootNetwork1,SubNetwork=SubNetwork1,MeContext=meContext01,ManagedElement=1,ENodeBFunction=914,EUtranCellFDD=eutranCellFdd368",4,1061.62,False,277.8,15.4
619,"SubNetwork=RootNetwork1,SubNetwork=SubNetwork1,MeContext=meContext01,ManagedElement=1,ENodeBFunction=559,EUtranCellFDD=eutranCellFdd619",868,"SubNetwork=RootNetwork1,SubNetwork=SubNetwork1,MeContext=meContext01,ManagedElement=1,ENodeBFunction=914,EUtranCellFDD=eutranCellFdd868",5,1061.62,False,277.8,15.4
619,"SubNetwork=RootNetwork1,SubNetwork=SubNetwork1,MeContext=meContext01,ManagedElement=1,ENodeBFunction=559,EUtranCellFDD=eutranCellFdd619",164,"SubNetwork=RootNetwork1,SubNetwork=SubNetwork1,MeContext=meContext01,ManagedElement=1,ENodeBFunction=755,EUtranCellFDD=eutranCellFdd164",6,1140.5,False,183.8,78.6
619,"SubNetwork=RootNetwork1,SubNetwork=SubNetwork1,MeContext=meContext01,ManagedElement=1,ENodeBFunction=559,EUtranCellFDD=eutranCellFdd619",715,"SubNetwork=RootNetwork1,SubNetwork=SubNetwork1,MeContext=meContext01,ManagedElement=1,ENodeBFunction=755,EUtranCellFDD=eutranCellFdd715",7,1140.5,False,183.8,78.6
619,"SubNetwork=RootNetwork1,SubNetwork=SubNetwork1,MeContext=meContext01,ManagedElement=1,ENodeBFunction=559,EUtranCellFDD=eutranCellFdd619",433,"SubNetwork=RootNetwork1,SubNetwork=SubNetwork1,MeContext=meContext01,ManagedElement=1,ENodeBFunction=755,EUtranCellFDD=eutranCellFdd433",8,1140.5,False,183.8,78.6
271,"SubNetwork=RootNetwork1,SubNetwork=SubNetwork1,MeContext=meContext01,ManagedElement=1,ENodeBFunction=559,EUtranCellFDD=eutranCellFdd271",353,"SubNetwork=RootNetwork1,SubNetwork=SubNetwork1,MeContext=meContext01,ManagedElement=1,ENodeBFunction=559,EUtranCellFDD=eutranCellFdd353",1,0.0,True,,
271,"SubNetwork=RootNetwork1,SubNetwork=SubNetwork1,MeContext=meContext01,ManagedElement=1,ENodeBFunction=559,EUtranCellFDD=eutranCellFdd271",619,"SubNetwork=RootNetwork1,SubNetwork=SubNetwork1,MeContext=meContext01,ManagedElement=1,ENodeBFunction=559,EUtranCellFDD=eutranCellFdd619",2,0.0,True,,
271,"SubNetwork=RootNetwork1,SubNetwork=SubNetwork1,MeContext=meContext01,ManagedElement=1,ENodeBFunction=559,EUtranCellFDD=eutranCellFdd271",100,"SubNetwork=RootNetwork1,SubNetwork=SubNetwork1,MeContext=meContext01,ManagedElement=1,ENodeBFunction=914,EUtranCellFDD=eutranCellFdd100",3,1061.62,False,277.8,104.6
271,"SubNetwork=RootNetwork1,SubNetwork=SubNetwork1,MeContext=meContext01,ManagedElement=1,ENodeBFunction=559,EUtranCellFDD=eutranCellFdd271",368,"SubNetwork=RootNetwork1,SubNetwork=SubNetwork1,MeContext=meContext01,ManagedElement=1,ENodeBFunction=914,EUtranCellFDD=eutranCellFdd368",4,1061.62,False,277.8,104.6
271,"SubNetwork=RootNetwork1,SubNetwork=SubNetwork1,MeContext=meContext01,ManagedElement=1,ENodeBFunction=559,EUtranCellFDD=eutranCellFdd271",868,"SubNetwork=RootNetwork1,SubNetwork=SubNetwork1,MeContext=meContext01,ManagedElement=1,ENodeBFunction=914,EUtranCellFDD=eutranCellFdd868",5,1061.62,False,277.8,104.6
271,"SubNetwork=RootNetwork1,SubNetwork=SubNetwork1,MeContext=meContext01,ManagedElement=1,ENodeBFunction=559,EUtranCellFDD=eutranCellFdd271",164,"SubNetwork=RootNetwork1,SubNetwork=SubNetwork1,MeContext=meContext01,ManagedElement=1,ENodeBFunction=755,EUtranCellFDD=eutranCellFdd164",6,1140.5,False,183.8,161.4
271,"SubNetwork=RootNetwork1,SubNetwork=SubNetwork1,MeContext=meContext01,ManagedElement=1,ENodeBFunction=559,EUtranCellFDD=eutranCellFdd271",715,"SubNetwork=RootNetwork1,SubNetwork=SubNetwork1,MeContext=meContext01,ManagedElement=1,ENodeBFunction=755,EUtranCellFDD=eutranCellFdd715",7,1140.5,False,183.8,161.4
271,"SubNetwork=RootNetwork1,SubNetwork=SubNetwork1,MeContext=meContext01,ManagedElement=1,ENodeBFunction=559,EUtranCellFDD=eutranCellFdd271",433,"SubNetwork=RootNetwork1,SubNetwork=SubNetwork1,MeContext=meContext01,ManagedElement=1,ENodeBFunction=755,EUtranCellFDD=eutranCellFdd433",8,1140.5,False,183.8,161.4
827,"SubNetwork=RootNetwork1,SubNetwork=SubNetwork1,MeContext=meContext01,ManagedElement=1,ENodeBFunction=90,EUtranCellFDD=eutranCellFdd827",45,"SubNetwork=RootNetwork1,SubNetwork=SubNetwork1,MeContext=meContext01,ManagedElement=1,ENodeBFunction=90,EUtranCellFDD=eutranCellFdd045",1,0.0,True,,
827,"SubNetwork=RootNetwork1,SubNetwork=SubNetwork1,MeContext=meContext01,ManagedElement=1,ENodeBFunction=90,EUtranCellFDD=eutranCellFdd827",748,"SubNetwork=RootNetwork1,SubNetwork=SubNetwork1,MeContext=meContext01,ManagedElement=1,ENodeBFunction=90,EUtranCellFDD=eutranCellFdd748",2,0.0,True,,
827,"SubNetwork=RootNetwork1,SubNetwork=SubNetwork1,MeContext=meContext01,ManagedElement=1,ENodeBFunction=90,EUtranCellFDD=eutranCellFdd827",349,"SubNetwork=RootNetwork1,SubNetwork=SubNetwork1,MeContext=meContext01,ManagedElement=1,ENodeBFunction=105,EUtranCellFDD=eutranCellFdd349",3,960.82,False,188.2,92.8
827,"SubNetwork=RootNetwork1,SubNetwork=SubNetwork1,MeContext=meContext01,ManagedElement=1,ENodeBFunction=90,EUtranCellFDD=eutranCellFdd827",160,"SubNetwork=RootNetwork1,SubNetwork=SubNetwork1,MeContext=meContext01,ManagedElement=1,ENodeBFunction=105,EUtranCellFDD=eutranCellFdd160",4,960.82,False,188.2,92.8
827,"SubNetwork=RootNetwork1,SubNetwork=SubNetwork1,MeContext=meContext01,ManagedElement=1,ENodeBFunction=90,EUtranCellFDD=eutranCellFdd827",221,"SubNetwork=RootNetwork1,SubNetwork=SubNetwork1,MeContext=meContext01,ManagedElement=1,ENodeBFunction=105,EUtranCellFDD=eutranCellFdd221",5,960.82,False,188.2,92.8
827,"SubNetwork=RootNetwork1,SubNetwork=SubNetwork1,MeContext=meContext01,ManagedElement=1,ENodeBFunction=90,EUtranCellFDD=eutranCellFdd827",353,"SubNetwork=RootNetwork1,SubNetwork=SubNetwork1,MeContext=meContext01,ManagedElement=1,ENodeBFunction=559,EUtranCellFDD=eutranCellFdd353",6,1303.64,False,274.3,178.9
827,"SubNetwork=RootNetwork1,SubNetwork=SubNetwork1,MeContext=meContext01,ManagedElement=1,ENodeBFunction=90,EUtranCellFDD=eutranCellFdd827",619,"SubNetwork=RootNetwork1,SubNetwork=SubNetwork1,MeContext=meContext01,ManagedElement=1,ENodeBFunction=559,EUtranCellFDD=eutranCellFdd619",7,1303.64,False,274.3,178.9
827,"SubNetwork=RootNetwork1,SubNetwork=SubNetwork1,MeContext=meContext01,ManagedElement=1,ENodeBFunction=90,EUtranCellFDD=eutranCellFdd827",271,"SubNetwork=RootNetwork1,SubNetwork=SubNetwork1,MeContext=meContext01,ManagedElement=1,ENodeBFunction=559,EUtranCellFDD=eutranCellFdd271",8,1303.64,False,274.3,178.9
45,"SubNetwork=RootNetwork1,SubNetwork=SubNetwork1,MeContext=meContext01,ManagedElement=1,ENodeBFunction=90,EUtranCellFDD=eutranCellFdd045",827,"SubNetwork=RootNetwork1,SubNetwork=SubNetwork1,MeContext=meContext01,ManagedElement=1,ENodeBFunction=90,EUtranCellFDD=eutranCellFdd827",1,0.0,True,,
45,"SubNetwork=RootNetwork1,SubNetwork=SubNetwork1,MeContext=meContext01,ManagedElement=1,ENodeBFunction=90,EUtranCellFDD=eutranCellFdd045",748,"SubNetwork=RootNetwork1,SubNetwork=SubNetwork1,MeContext=meContext01,ManagedElement=1,ENodeBFunction=90,EUtranCellFDD=eutranCellFdd748",2,0.0,True,,
45,"SubNetwork=RootNetwork1,SubNetwork=SubNetwork1,MeContext=meContext01,ManagedElement=1,ENodeBFunction=90,EUtranCellFDD=eutranCellFdd045",349,"SubNetwork=RootNetwork1,SubNetwork=SubNetwork1,MeContext=meContext01,ManagedElement=1,ENodeBFunction=105,EUtranCellFDD=eutranCellFdd349",3,960.82,False,188.2,27.2
45,"SubNetwork=RootNetwork1,SubNetwork=SubNetwork1,MeContext=meContext01,ManagedElement=1,ENodeBFunction=90,EUtranCellFDD=eutranCellFdd045",160,"SubNetwork=RootNetwork1,SubNetwork=SubNetwork1,MeContext=meContext01,ManagedElement=1,ENodeBFunction=105,EUtranCellFDD=eutranCellFdd160",4,960.82,False,188.2,27.2
45,"SubNetwork=RootNetwork1,SubNetwork=SubNetwork1,MeContext=meContext01,ManagedElement=1,ENodeBFunction=90,EUtranCellFDD=eutranCellFdd045",221,"SubNetwork=RootNetwork1,SubNetwork=SubNetwork1,MeContext=meContext01,ManagedElement=1,ENodeBFunction=105,EUtranCellFDD=eutranCellFdd221",5,960.82,False,188.2,27.2
45,"SubNetwork=RootNetwork1,SubNetwork=SubNetwork1,MeContext=meContext01,ManagedElement=1,ENodeBFunction=90,EUtranCellFDD=eutranCellFdd045",353,"SubNetwork=RootNetwork1,SubNetwork=SubNetwork1,MeContext=meContext01,ManagedElement=1,ENodeBFunction=559,EUtranCellFDD=eutranCellFdd353",6,1303.64,False,274.3,58.9
45,"SubNetwork=RootNetwork1,SubNetwork=SubNetwork1,MeContext=meContext01,ManagedElement=1,ENodeBFunction=90,EUtranCellFDD=eutranCellFdd045",619,"SubNetwork=RootNetwork1,SubNetwork=SubNetwork1,MeContext=meContext01,ManagedElement=1,ENodeBFunction=559,EUtranCellFDD=eutranCellFdd619",7,1303.64,False,274.3,58.9
45,"SubNetwork=RootNetwork1,SubNetwork=SubNetwork1,MeContext=meContext01,ManagedElement=1,ENodeBFunction=90,EUtranCellFDD=eutranCellFdd045",271,"SubNetwork=RootNetwork1,SubNetwork=SubNetwork1,MeContext=meContext01,ManagedElement=1,ENodeBFunction=559,EUtranCellFDD=eutranCellFdd271",8,1303.64,False,274.3,58.9
748,"SubNetwork=RootNetwork1,SubNetwork=SubNetwork1,MeContext=meContext01,ManagedElement=1,ENodeBFunction=90,EUtranCellFDD=eutranCellFdd748",827,"SubNetwork=RootNetwork1,SubNetwork=SubNetwork1,MeContext=meContext01,ManagedElement=1,ENodeBFunction=90,EUtranCellFDD=eutranCellFdd827",1,0.0,True,,
748,"SubNetwork=RootNetwork1,SubNetwork=SubNetwork1,MeContext=meContext01,ManagedElement=1,ENodeBFunction=90,EUtranCellFDD=eutranCellFdd748",45,"SubNetwork=RootNetwork1,SubNetwork=SubNetwork1,MeContext=meContext01,ManagedElement=1,ENodeBFunction=90,EUtranCellFDD=eutranCellFdd045",2,0.0,True,,
748,"SubNetwork=RootNetwork1,SubNetwork=SubNetwork1,MeContext=meContext01,ManagedElement=1,ENodeBFunction=90,EUtranCellFDD=eutranCellFdd748",349,"SubNetwork=RootNetwork1,SubNetwork=SubNetwork1,MeContext=meContext01,ManagedElement=1,ENodeBFunction=105,EUtranCellFDD=eutranCellFdd349",3,960.82,False,188.2,147.2
748,"SubNetwork=RootNetwork1,SubNetwork=SubNetwork1,MeContext=meContext01,ManagedElement=1,ENodeBFunction=90,EUtranCellFDD=eutranCellFdd748",160,"SubNetwork=RootNetwork1,SubNetwork=SubNetwork1,MeContext=meContext01,ManagedElement=1,ENodeBFunction=105,EUtranCellFDD=eutranCellFdd160",4,960.82,False,188.2,147.2
748,"SubNetwork=RootNetwork1,SubNetwork=SubNetwork1,MeContext=meContext01,ManagedElement=1,ENodeBFunction=90,EUtranCellFDD=eutranCellFdd748",221,"SubNetwork=RootNetwork1,SubNetwork=SubNetwork1,MeContext=meContext01,ManagedElement=1,ENodeBFunction=105,EUtranCellFDD=eutranCellFdd221",5,960.82,False,188.2,147.2
748,"SubNetwork=RootNetwork1,SubNetwork=SubNetwork1,MeContext=meContext01,ManagedElement=1,ENodeBFunction=90,EUtranCellFDD=eutranCellFdd748",353,"SubNetwork=RootNetwork1,SubNetwork=SubNetwork1,MeContext=meContext01,ManagedElement=1,ENodeBFunction=559,EUtranCellFDD=eutranCellFdd353",6,1303.64,False,274.3,61.1
748,"SubNetwork=RootNetwork1,SubNetwork=SubNetwork1,MeContext=meContext01,ManagedElement=1,ENodeBFunction=90,EUtranCellFDD=eutranCellFdd748",619,"SubNetwork=RootNetwork1,SubNetwork=SubNetwork1,MeContext=meContext01,ManagedElement=1,ENodeBFunction=559,EUtranCellFDD=eutranCellFdd619",7,1303.64,False,274.3,61.1
748,"SubNetwork=RootNetwork1,SubNetwork=SubNetwork1,MeContext=meContext01,ManagedElement=1,ENodeBFunction=90,EUtranCellFDD=eutranCellFdd748",271,"SubNetwork=RootNetwork1,SubNetwork=SubNetwork1,MeContext=meContext01,ManagedElement=1,ENodeBFunction=559,EUtranCellFDD=eutranCellFdd271",8,1303.64,False,274.3,61.1
471,"SubNetwork=RootNetwork1,SubNetwork=SubNetwork1,MeContext=meContext01,ManagedElement=1,ENodeBFunction=605,EUtranCellFDD=eutranCellFdd471",550,"SubNetwork=RootNetwork1,SubNetwork=SubNetwork1,MeContext=meContext01,ManagedElement=1,ENodeBFunction=605,EUtranCellFDD=eutranCellFdd550",1,0.0,True,,
471,"SubNetwork=RootNetwork1,SubNetwork=SubNetwork1,MeContext=meContext01,ManagedElement=1,ENodeBFunction=605,EUtranCellFDD=eutranCellFdd471",128,"SubNetwork=RootNetwork1,SubNetwork=SubNetwork1,MeContext=meContext01,ManagedElement=1,ENodeBFunction=605,EUtranCellFDD=eutranCellFdd128",2,0.0,True,,
471,"SubNetwork=RootNetwork1,SubNetwork=SubNetwork1,MeContext=meContext01,ManagedElement=1,ENodeBFunction=605,EUtranCellFDD=eutranCellFdd471",981,"SubNetwork=RootNetwork1,SubNetwork=SubNetwork1,MeContext=meContext01,ManagedElement=1,ENodeBFunction=693,EUtranCellFDD=eutranCellFdd981",3,941.14,False,161.5,66.9
471,"SubNetwork=RootNetwork1,SubNetwork=SubNetwork1,MeContext=meContext01,ManagedElement=1,ENodeBFunction=605,EUtranCellFDD=eutranCellFdd471",782,"SubNetwork=RootNetwork1,SubNetwork=SubNetwork1,MeContext=meContext01,ManagedElement=1,ENodeBFunction=693,EUtranCellFDD=eutranCellFdd782",4,941.14,False,161.5,66.9
471,"SubNetwork=RootNetwork1,SubNetwork=SubNetwork1,MeContext=meContext01,ManagedElement=1,ENodeBFunction=605,EUtranCellFDD=eutranCellFdd471",345,"SubNetwork=RootNetwork1,SubNetwork=SubNetwork1,MeContext=meContext01,ManagedElement=1,ENodeBFunction=693,EUtranCellFDD=eutranCellFdd345",5,941.14,False,161.5,66.9
471,"SubNetwork=RootNetwork1,SubNetwork=SubNetwork1,MeContext=meContext01,ManagedElement=1,ENodeBFunction=605,EUtranCellFDD=eutranCellFdd471",997,"SubNetwork=RootNetwork1,SubNetwork=SubNetwork1,MeContext=meContext01,ManagedElement=1,ENodeBFunction=433,EUtranCellFDD=eutranCellFdd997",6,1181.02,False,81.8,12.8
471,"SubNetwork=RootNetwork1,SubNetwork=SubNetwork1,MeContext=meContext01,ManagedElement=1,ENodeBFunction=605,EUtranCellFDD=eutranCellFdd471",945,"SubNetwork=RootNetwork1,SubNetwork=SubNetwork1,MeContext=meContext01,ManagedElement=1,ENodeBFunction=433,EUtranCellFDD=eutranCellFdd945",7,1181.02,False,81.8,12.8
471,"SubNetwork=RootNetwork1,SubNetwork=SubNetwork1,MeContext=meContext01,ManagedElement=1,ENodeBFunction=605,EUtranCellFDD=eutranCellFdd471",105,"SubNetwork=RootNetwork1,SubNetwork=SubNetwork1,MeContext=meContext01,ManagedElement=1,ENodeBFunction=759,EUtranCellFDD=eutranCellFdd105",8,1434.57,False,141.5,46.9
550,"SubNetwork=RootNetwork1,SubNetwork=SubNetwork1,MeContext=meContext01,ManagedElement=1,ENodeBFunction=605,EUtranCellFDD=eutranCellFdd550",471,"SubNetwork=RootNetwork1,SubNetwork=SubNetwork1,MeContext=meContext01,ManagedElement=1,ENodeBFunction=605,EUtranCellFDD=eutranCellFdd471",1,0.0,True,,
550,"SubNetwork=RootNetwork1,SubNetwork=SubNetwork1,MeContext=meContext01,ManagedElement=1,ENodeBFunction=605,EUtranCellFDD=eutranCellFdd550",128,"SubNetwork=RootNetwork1,SubNetwork=SubNetwork1,MeContext=meContext01,ManagedElement=1,ENodeBFunction=605,EUtranCellFDD=eutranCellFdd128",2,0.0,True,,
550,"SubNetwork=RootNetwork1,SubNetwork=SubNetwork1,MeContext=meContext01,ManagedElement=1,ENodeBFunction=605,EUtranCellFDD=eutranCellFdd550",981,"SubNetwork=RootNetwork1,SubNetwork=SubNetwork1,MeContext=meContext01,ManagedElement=1,ENodeBFunction=693,EUtranCellFDD=eutranCellFdd981",3,941.14,False,161.5,53.1
550,"SubNetwork=RootNetwork1,SubNetwork=SubNetwork1,MeContext=meContext01,ManagedElement=1,ENodeBFunction=605,EUtranCellFDD=eutranCellFdd550",782,"SubNetwork=RootNetwork1,SubNetwork=SubNetwork1,MeContext=meContext01,ManagedElement=1,ENodeBFunction=693,EUtranCellFDD=eutranCellFdd782",4,941.14,False,161.5,53.1
550,"SubNetwork=RootNetwork1,SubNetwork=SubNetwork1,MeContext=meContext01,ManagedElement=1,ENodeBFunction=605,EUtranCellFDD=eutranCellFdd550",345,"SubNetwork=RootNetwork1,SubNetwork=SubNetwork1,MeContext=meContext01,ManagedElement=1,ENodeBFunction=693,EUtranCellFDD=eutranCellFdd345",5,941.14,False,161.5,53.1
550,"SubNetwork=RootNetwork1,SubNetwork=SubNetwork1,MeContext=meContext01,ManagedElement=1,ENodeBFunction=605,EUtranCellFDD=eutranCellFdd550",997,"SubNetwork=RootNetwork1,SubNetwork=SubNetwork1,MeContext=meContext01,ManagedElement=1,ENodeBFunction=433,EUtranCellFDD=eutranCellFdd997",6,1181.02,False,81.8,132.8
550,"SubNetwork=RootNetwork1,SubNetwork=SubNetwork1,MeContext=meContext01,ManagedElement=1,ENodeBFunction=605,EUtranCellFDD=eutranCellFdd550",945,"SubNetwork=RootNetwork1,SubNetwork=SubNetwork1,MeContext=meContext01,ManagedElement=1,ENodeBFunction=433,EUtranCellFDD=eutranCellFdd945",7,1181.02,False,81.8,132.8
550,"SubNetwork=RootNetwork1,SubNetwork=SubNetwork1,MeContext=meContext01,ManagedElement=1,ENodeBFunction=605,EUtranCellFDD=eutranCellFdd550",105,"SubNetwork=RootNetwork1,SubNetwork=SubNetwork1,MeContext=meContext01,ManagedElement=1,ENodeBFunction=759,EUtranCellFDD=eutranCellFdd105",8,1434.57,False,141.5,73.1
128,"SubNetwork=RootNetwork1,SubNetwork=SubNetwork1,MeContext=meContext01,ManagedElement=1,ENodeBFunction=605,EUtranCellFDD=eutranCellFdd128",471,"SubNetwork=RootNetwork1,SubNetwork=SubNetwork1,MeContext=meContext01,ManagedElement=1,ENodeBFunction=605,EUtranCellFDD=eutranCellFdd471",1,0.0,True,,
128,"SubNetwork=RootNetwork1,SubNetwork=SubNetwork1,MeContext=meContext01,ManagedElement=1,ENodeBFunction=605,EUtranCellFDD=eutranCellFdd128",550,"SubNetwork=RootNetwork1,SubNetwork=SubNetwork1,MeContext=meContext01,ManagedElement=1,ENodeBFunction=605,EUtranCellFDD=eutranCellFdd550",2,0.0,True,,
128,"SubNetwork=RootNetwork1,SubNetwork=SubNetwork1,MeContext=meContext01,ManagedElement=1,ENodeBFunction=605,EUtranCellFDD=eutranCellFdd128",981,"SubNetwork=RootNetwork1,SubNetwork=SubNetwork1,MeContext=meContext01,ManagedElement=1,ENodeBFunction=693,EUtranCellFDD=eutranCellFdd981",3,941.14,False,161.5,173.1
128,"SubNetwork=RootNetwork1,SubNetwork=SubNetwork1,MeContext=meContext01,ManagedElement=1,ENodeBFunction=605,EUtranCellFDD=eutranCellFdd128",782,"SubNetwork=RootNetwork1,SubNetwork=SubNetwork1,MeContext=meContext01,ManagedElement=1,ENodeBFunction=693,EUtranCellFDD=eutranCellFdd782",4,941.14,False,161.5,173.1
128,"SubNetwork=RootNetwork1,SubNetwork=SubNetwork1,MeContext=meContext01,ManagedElement=1,ENodeBFunction=605,EUtranCellFDD=eutranCellFdd128",345,"SubNetwork=RootNetwork1,SubNetwork=SubNetwork1,MeContext=meContext01,ManagedElement=1,ENodeBFunction=693,EUtranCellFDD=eutranCellFdd345",5,941.14,False,161.5,173.1
128,"SubNetwork=RootNetwork1,SubNetwork=SubNetwork1,MeContext=meContext01,ManagedElement=1,ENodeBFunction=605,EUtranCellFDD=eutranCellFdd128",997,"SubNetwork=RootNetwork1,SubNetwork=SubNetwork1,MeContext=meContext01,ManagedElement=1,ENodeBFunction=433,EUtranCellFDD=eutranCellFdd997",6,1181.02,False,81.8,107.2
128,"SubNetwork=RootNetwork1,SubNetwork=SubNetwork1,MeContext=meContext01,ManagedElement=1,ENodeBFunction=605,EUtranCellFDD=eutranCellFdd128",945,"SubNetwork=RootNetwork1,SubNetwork=SubNetwork1,MeContext=meContext01,ManagedElement=1,ENodeBFunction=433,EUtranCellFDD=eutranCellFdd945",7,1181.02,False,81.8,107.2
128,"SubNetwork=RootNetwork1,SubNetwork=SubNetwork1,MeContext=meContext01,ManagedElement=1,ENodeBFunction=605,EUtranCellFDD=eutranCellFdd128",105,"SubNetwork=RootNetwork1,SubNetwork=SubNetwork1,MeContext=meContext01,ManagedElement=1,ENodeBFunction=759,EUtranCellFDD=eutranCellFdd105",8,1434.57,False,141.5,166.9
997,"SubNetwork=RootNetwork1,SubNetwork=SubNetwork1,MeContext=meContext01,ManagedElement=1,ENodeBFunction=433,EUtranCellFDD=eutranCellFdd997",945,"SubNetwork=RootNetwork1,SubNetwork=SubNetwork1,MeContext=meContext01,ManagedElement=1,ENodeBFunction=433,EUtranCellFDD=eutranCellFdd945",1,0.0,True,,
997,"SubNetwork=RootNetwork1,SubNetwork=SubNetwork1,MeContext=meContext01,ManagedElement=1,ENodeBFunction=433,EUtranCellFDD=eutranCellFdd997",471,"SubNetwork=RootNetwork1,SubNetwork=SubNetwork1,MeContext=meContext01,ManagedElement=1,ENodeBFunction=605,EUtranCellFDD=eutranCellFdd471",2,1181.02,False,261.8,118.0
997,"SubNetwork=RootNetwork1,SubNetwork=SubNetwork1,MeContext=meContext01,ManagedElement=1,ENodeBFunction=433,EUtranCellFDD=eutranCellFdd997",550,"SubNetwork=RootNetwork1,SubNetwork=SubNetwork1,MeContext=meContext01,ManagedElement=1,ENodeBFunction=605,EUtranCellFDD=eutranCellFdd550",3,1181.02,False,261.8,118.0
997,"SubNetwork=RootNetwork1,SubNetwork=SubNetwork1,MeContext=meContext01,ManagedElement=1,ENodeBFunction=433,EUtranCellFDD=eutranCellFdd997",128,"SubNetwork=RootNetwork1,SubNetwork=SubNetwork1,MeContext=meContext01,ManagedElement=1,ENodeBFunction=605,EUtranCellFDD=eutranCellFdd128",4,1181.02,False,261.8,118.0
997,"SubNetwork=RootNetwork1,SubNetwork=SubNetwork1,MeContext=meContext01,ManagedElement=1,ENodeBFunction=433,EUtranCellFDD=eutranCellFdd997",100,"SubNetwork=RootNetwork1,SubNetwork=SubNetwork1,MeContext=meContext01,ManagedElement=1,ENodeBFunction=914,EUtranCellFDD=eutranCellFdd100",5,1271.5,False,140.2,3.6
997,"SubNetwork=RootNetwork1,SubNetwork=SubNetwork1,MeContext=meContext01,ManagedElement=1,ENodeBFunction=433,EUtranCellFDD=eutranCellFdd997",368,"SubNetwork=RootNetwork1,SubNetwork=SubNetwork1,MeContext=meContext01,ManagedElement=1,ENodeBFunction=914,EUtranCellFDD=eutranCellFdd368",6,1271.5,False,140.2,3.6
997,"SubNetwork=RootNetwork1,SubNetwork=SubNetwork1,MeContext=meContext01,ManagedElement=1,ENodeBFunction=433,EUtranCellFDD=eutranCellFdd997",868,"SubNetwork=RootNetwork1,SubNetwork=SubNetwork1,MeContext=meContext01,ManagedElement=1,ENodeBFunction=914,EUtranCellFDD=eutranCellFdd868",7,1271.5,False,140.2,3.6
997,"SubNetwork=RootNetwork1,SubNetwork=SubNetwork1,MeContext=meContext01,ManagedElement=1,ENodeBFunction=433,EUtranCellFDD=eutranCellFdd997",105,"SubNetwork=RootNetwork1,SubNetwork=SubNetwork1,MeContext=meContext01,ManagedElement=1,ENodeBFunction=759,EUtranCellFDD=eutranCellFdd105",8,1320.4,False,192.1,48.3
945,"SubNetwork=RootNetwork1,SubNetwork=SubNetwork1,MeContext=meContext01,ManagedElement=1,ENodeBFunction=433,EUtranCellFDD=eutranCellFdd945",997,"SubNetwork=RootNetwork1,SubNetwork=SubNetwork1,MeContext=meContext01,ManagedElement=1,ENodeBFunction=433,EUtranCellFDD=eutranCellFdd997",1,0.0,True,,
945,"SubNetwork=RootNetwork1,SubNetwork=SubNetwork1,MeContext=meContext01,ManagedElement=1,ENodeBFunction=433,EUtranCellFDD=eutranCellFdd945",471,"SubNetwork=RootNetwork1,SubNetwork=SubNetwork1,MeContext=meContext01,ManagedElement=1,ENodeBFunction=605,EUtranCellFDD=eutranCellFdd471",2,1181.02,False,261.8,2.0
945,"SubNetwork=RootNetwork1,SubNetwork=SubNetwork1,MeContext=meContext01,ManagedElement=1,ENodeBFunction=433,EUtranCellFDD=eutranCellFdd945",550,"SubNetwork=RootNetwork1,SubNetwork=SubNetwork1,MeContext=meContext01,ManagedElement=1,ENodeBFunction=605,EUtranCellFDD=eutranCellFdd550",3,1181.02,False,261.8,2.0
945,"SubNetwork=RootNetwork1,SubNetwork=SubNetwork1,MeContext=meContext01,ManagedElement=1,ENodeBFunction=433,EUtranCellFDD=eutranCellFdd945",128,"SubNetwork=RootNetwork1,SubNetwork=SubNetwork1,MeContext=meContext01,ManagedElement=1,ENodeBFunction=605,EUtranCellFDD=eutranCellFdd128",4,1181.02,False,261.8,2.0
945,"SubNetwork=RootNetwork1,SubNetwork=SubNetwork1,MeContext=meContext01,ManagedElement=1,ENodeBFunction=433,EUtranCellFDD=eutranCellFdd945",100,"SubNetwork=RootNetwork1,SubNetwork=SubNetwork1,MeContext=meContext01,ManagedElement=1,ENodeBFunction=914,EUtranCellFDD=eutranCellFdd100",5,1271.5,False,140.2,123.6
945,"SubNetwork=RootNetwork1,SubNetwork=SubNetwork1,MeContext=meContext01,ManagedElement=1,ENodeBFunction=433,EUtranCellFDD=eutranCellFdd945",368,"SubNetwork=RootNetwork1,SubNetwork=SubNetwork1,MeContext=meContext01,ManagedElement=1,ENodeBFunction=914,EUtranCellFDD=eutranCellFdd368",6,1271.5,False,140.2,123.6
945,"SubNetwork=RootNetwork1,SubNetwork=SubNetwork1,MeContext=meContext01,ManagedElement=1,ENodeBFunction=433,EUtranCellFDD=eutranCellFdd945",868,"SubNetwork=RootNetwork1,SubNetwork=SubNetwork1,MeContext=meContext01,ManagedElement=1,ENodeBFunction=914,EUtranCellFDD=eutranCellFdd868",7,1271.5,False,140.2,123.6
945,"SubNetwork=RootNetwork1,SubNetwork=SubNetwork1,MeContext=meContext01,ManagedElement=1,ENodeBFunction=433,EUtranCellFDD=eutranCellFdd945",105,"SubNetwork=RootNetwork1,SubNetwork=SubNetwork1,MeContext=meContext01,ManagedElement=1,ENodeBFunction=759,EUtranCellFDD=eutranCellFdd105",8,1320.4,False,192.1,71.7
